record_id,production_date,quarter,department,day_name,team_no,targeted_productivity,smv,wip,over_time,incentive,idle_time,idle_men,no_of_style_change,no_of_workers,actual_productivity
1,2015-01-01,Quarter1,Sewing,Thursday,8,0.8,26.16,1108.0,7080,98,0,0,0,59.0,0.940725
2,2015-01-01,Quarter1,Finishing,Thursday,1,0.75,3.94,,960,0,0,0,0,8.0,0.8865
3,2015-01-01,Quarter1,Sewing,Thursday,11,0.8,11.41,968.0,3660,50,0,0,0,30.5,0.80057
4,2015-01-01,Quarter1,Sewing,Thursday,12,0.8,11.41,968.0,3660,50,0,0,0,30.5,0.80057
5,2015-01-01,Quarter1,Sewing,Thursday,6,0.8,25.9,1170.0,1920,50,0,0,0,56.0,0.800382
6,2015-01-01,Quarter1,Sewing,Thursday,7,0.8,25.9,984.0,6720,38,0,0,0,56.0,0.800125
7,2015-01-01,Quarter1,Finishing,Thursday,2,0.75,3.94,,960,0,0,0,0,8.0,0.755167
8,2015-01-01,Quarter1,Sewing,Thursday,3,0.75,28.08,795.0,6900,45,0,0,0,57.5,0.753684
9,2015-01-01,Quarter1,Sewing,Thursday,2,0.75,19.87,733.0,6000,34,0,0,0,55.0,0.753098
10,2015-01-01,Quarter1,Sewing,Thursday,1,0.75,28.08,681.0,6900,45,0,0,0,57.5,0.750428
11,2015-01-01,Quarter1,Sewing,Thursday,9,0.7,28.08,872.0,6900,44,0,0,0,57.5,0.721127
12,2015-01-01,Quarter1,Sewing,Thursday,10,0.75,19.31,578.0,6480,45,0,0,0,54.0,0.712205
13,2015-01-01,Quarter1,Sewing,Thursday,5,0.8,11.41,668.0,3660,50,0,0,0,30.5,0.707046
14,2015-01-01,Quarter1,Finishing,Thursday,10,0.65,3.94,,960,0,0,0,0,8.0,0.705917
15,2015-01-01,Quarter1,Finishing,Thursday,8,0.75,2.9,,960,0,0,0,0,8.0,0.676667
16,2015-01-01,Quarter1,Finishing,Thursday,4,0.75,3.94,,2160,0,0,0,0,18.0,0.593056
17,2015-01-01,Quarter1,Finishing,Thursday,7,0.8,2.9,,960,0,0,0,0,8.0,0.540729
18,2015-01-01,Quarter1,Sewing,Thursday,4,0.65,23.69,861.0,7200,0,0,0,0,60.0,0.52118
19,2015-01-01,Quarter1,Finishing,Thursday,11,0.7,4.15,,1440,0,0,0,0,12.0,0.436326
20,2015-01-03,Quarter1,Finishing,Saturday,4,0.8,4.15,,6600,0,0,0,0,20.0,0.988025
21,2015-01-03,Quarter1,Finishing,Saturday,11,0.75,2.9,,5640,0,0,0,0,17.0,0.98788
22,2015-01-03,Quarter1,Finishing,Saturday,9,0.8,4.15,,960,0,0,0,0,8.0,0.956271
23,2015-01-03,Quarter1,Finishing,Saturday,3,0.75,3.94,,1560,0,0,0,0,8.0,0.945278
24,2015-01-03,Quarter1,Finishing,Saturday,1,0.8,3.94,,960,0,0,0,0,8.0,0.902917
25,2015-01-03,Quarter1,Sewing,Saturday,1,0.8,28.08,772.0,6300,50,0,0,0,56.5,0.800725
26,2015-01-03,Quarter1,Sewing,Saturday,3,0.8,28.08,913.0,6540,50,0,0,0,54.5,0.800323
27,2015-01-03,Quarter1,Sewing,Saturday,8,0.8,26.16,1261.0,7080,50,0,0,0,59.0,0.800319
28,2015-01-03,Quarter1,Sewing,Saturday,12,0.8,26.16,844.0,7080,63,0,0,0,59.0,0.800319
29,2015-01-03,Quarter1,Sewing,Saturday,11,0.8,11.61,1005.0,7080,50,0,0,0,29.5,0.800237
30,2015-01-03,Quarter1,Sewing,Saturday,5,0.8,11.61,659.0,7080,50,0,0,0,31.5,0.800149
31,2015-01-03,Quarter1,Sewing,Saturday,6,0.8,25.9,1152.0,6720,50,0,0,0,56.0,0.800125
32,2015-01-03,Quarter1,Sewing,Saturday,7,0.8,25.9,1138.0,6720,38,0,0,0,56.0,0.800125
33,2015-01-03,Quarter1,Sewing,Saturday,10,0.75,19.31,610.0,6480,56,0,0,0,54.0,0.7873
34,2015-01-03,Quarter1,Finishing,Saturday,2,0.8,4.15,,960,0,0,0,0,8.0,0.782448
35,2015-01-03,Quarter1,Sewing,Saturday,2,0.75,19.87,944.0,6600,45,0,0,0,55.0,0.750243
36,2015-01-03,Quarter1,Finishing,Saturday,10,0.7,4.15,,960,0,0,0,0,8.0,0.701813
37,2015-01-03,Quarter1,Sewing,Saturday,4,0.7,23.69,544.0,13800,0,0,0,0,60.0,0.700134
38,2015-01-03,Quarter1,Sewing,Saturday,9,0.7,28.08,1072.0,6900,40,0,0,0,57.5,0.699965
39,2015-01-03,Quarter1,Finishing,Saturday,8,0.8,2.9,,960,0,0,0,0,8.0,0.628333
40,2015-01-03,Quarter1,Finishing,Saturday,7,0.8,3.94,,960,0,0,0,0,8.0,0.625313
41,2015-01-04,Quarter1,Finishing,Sunday,3,0.75,4.15,,1560,0,0,0,0,8.0,0.991389
42,2015-01-04,Quarter1,Finishing,Sunday,9,0.8,3.94,,960,0,0,0,0,8.0,0.931646
43,2015-01-04,Quarter1,Finishing,Sunday,1,0.8,3.94,,960,0,0,0,0,8.0,0.915229
44,2015-01-04,Quarter1,Sewing,Sunday,6,0.8,11.61,539.0,6975,50,0,0,0,31.0,0.879714
45,2015-01-04,Quarter1,Finishing,Sunday,4,0.8,3.94,,6600,0,0,0,0,20.0,0.861679
46,2015-01-04,Quarter1,Sewing,Sunday,9,0.8,26.16,1278.0,7080,60,0,0,0,59.0,0.850569
47,2015-01-04,Quarter1,Sewing,Sunday,7,0.8,25.9,1227.0,7020,60,0,0,0,56.5,0.850436
48,2015-01-04,Quarter1,Sewing,Sunday,8,0.8,25.9,1039.0,6780,45,0,0,0,56.5,0.850345
49,2015-01-04,Quarter1,Sewing,Sunday,4,0.8,28.08,878.0,4260,50,0,0,0,55.5,0.800598
50,2015-01-04,Quarter1,Sewing,Sunday,1,0.8,26.16,1033.0,7080,63,0,0,0,59.0,0.800319
51,2015-01-04,Quarter1,Sewing,Sunday,2,0.8,28.08,782.0,6660,50,0,0,0,55.5,0.800238
52,2015-01-04,Quarter1,Sewing,Sunday,12,0.8,11.61,1216.0,6975,50,0,0,0,31.0,0.80003
53,2015-01-04,Quarter1,Finishing,Sunday,2,0.8,3.94,,960,0,0,0,0,8.0,0.792104
54,2015-01-04,Quarter1,Finishing,Sunday,10,0.7,3.94,,4320,0,0,0,0,18.0,0.759228
55,2015-01-04,Quarter1,Sewing,Sunday,11,0.75,19.31,513.0,6480,45,0,0,0,54.0,0.750348
56,2015-01-04,Quarter1,Sewing,Sunday,3,0.75,19.87,734.0,6600,45,0,0,0,55.0,0.750243
57,2015-01-04,Quarter1,Sewing,Sunday,10,0.7,28.08,1202.0,6900,40,0,0,0,57.5,0.699965
58,2015-01-04,Quarter1,Finishing,Sunday,8,0.8,2.9,,960,0,0,0,0,8.0,0.682708
59,2015-01-04,Quarter1,Finishing,Sunday,7,0.8,2.9,,960,0,0,0,0,8.0,0.667604
60,2015-01-04,Quarter1,Sewing,Sunday,5,0.7,45.67,884.0,6960,26,0,0,0,58.0,0.603432
61,2015-01-04,Quarter1,Finishing,Sunday,11,0.75,4.15,,960,0,0,0,0,8.0,0.345833
62,2015-01-05,Quarter1,Finishing,Monday,1,0.8,3.94,,1920,0,0,0,0,8.0,0.961059
63,2015-01-05,Quarter1,Finishing,Monday,11,0.8,3.94,,2400,0,0,0,0,10.0,0.939514
64,2015-01-05,Quarter1,Finishing,Monday,4,0.8,3.94,,3840,0,0,0,0,16.0,0.893663
65,2015-01-05,Quarter1,Finishing,Monday,3,0.75,4.15,,1920,0,0,0,0,8.0,0.875391
66,2015-01-05,Quarter1,Sewing,Monday,9,0.8,26.16,1227.0,7080,75,0,0,0,59.0,0.850569
67,2015-01-05,Quarter1,Finishing,Monday,9,0.8,2.9,,1920,0,0,0,0,8.0,0.820833
68,2015-01-05,Quarter1,Finishing,Monday,2,0.8,3.94,,960,0,0,0,0,8.0,0.804417
69,2015-01-05,Quarter1,Sewing,Monday,7,0.8,25.9,1255.0,6780,50,0,0,0,56.5,0.800684
70,2015-01-05,Quarter1,Sewing,Monday,8,0.8,25.9,1047.0,6780,38,0,0,0,56.5,0.800684
71,2015-01-05,Quarter1,Sewing,Monday,1,0.8,26.16,1138.0,7080,63,0,0,0,59.0,0.800319
72,2015-01-05,Quarter1,Sewing,Monday,11,0.8,19.31,678.0,4800,50,0,0,0,55.0,0.800251
73,2015-01-05,Quarter1,Sewing,Monday,6,0.8,11.61,712.0,7200,50,0,0,0,32.0,0.800246
74,2015-01-05,Quarter1,Sewing,Monday,12,0.8,11.61,1037.0,7200,50,0,0,0,32.0,0.800246
75,2015-01-05,Quarter1,Sewing,Monday,2,0.8,28.08,757.0,6900,50,0,0,0,57.5,0.800077
76,2015-01-05,Quarter1,Sewing,Monday,4,0.8,28.08,759.0,6900,50,0,0,0,57.5,0.800077
77,2015-01-05,Quarter1,Finishing,Monday,10,0.75,2.9,,960,0,0,0,0,8.0,0.763375
78,2015-01-05,Quarter1,Finishing,Monday,5,0.6,2.9,,960,0,0,0,0,8.0,0.759271
79,2015-01-05,Quarter1,Sewing,Monday,10,0.75,28.08,1083.0,7020,45,0,0,0,58.5,0.7504
80,2015-01-05,Quarter1,Sewing,Monday,3,0.75,19.87,944.0,6600,45,0,0,0,55.0,0.750243
81,2015-01-05,Quarter1,Finishing,Monday,7,0.8,3.94,,960,0,0,0,0,8.0,0.676667
82,2015-01-05,Quarter1,Finishing,Monday,8,0.8,2.9,,960,0,0,0,0,8.0,0.664583
83,2015-01-05,Quarter1,Sewing,Monday,5,0.6,21.98,666.0,6960,23,0,0,0,58.0,0.600029
84,2015-01-06,Quarter1,Finishing,Tuesday,4,0.8,3.94,,4440,0,0,0,0,18.0,0.966781
85,2015-01-06,Quarter1,Finishing,Tuesday,1,0.8,3.94,,1440,0,0,0,0,8.0,0.936496
86,2015-01-06,Quarter1,Finishing,Tuesday,3,0.75,4.15,,1800,0,0,0,0,10.0,0.899167
87,2015-01-06,Quarter1,Finishing,Tuesday,11,0.8,4.15,,2700,0,0,0,0,15.0,0.888687
88,2015-01-06,Quarter1,Finishing,Tuesday,9,0.8,3.94,,1440,0,0,0,0,8.0,0.858144
89,2015-01-06,Quarter1,Sewing,Tuesday,1,0.8,26.16,1187.0,10620,75,0,0,0,59.0,0.850502
90,2015-01-06,Quarter1,Sewing,Tuesday,9,0.8,26.16,1305.0,10620,75,0,0,0,59.0,0.850502
91,2015-01-06,Quarter1,Finishing,Tuesday,10,0.75,3.94,,1440,0,0,0,0,8.0,0.80964
92,2015-01-06,Quarter1,Finishing,Tuesday,2,0.8,3.94,,1440,0,0,0,0,8.0,0.805909
93,2015-01-06,Quarter1,Sewing,Tuesday,2,0.8,28.08,716.0,10350,50,0,0,0,57.5,0.800594
94,2015-01-06,Quarter1,Sewing,Tuesday,4,0.8,28.08,925.0,10350,50,0,0,0,57.5,0.800594
95,2015-01-06,Quarter1,Sewing,Tuesday,3,0.8,19.87,963.0,9900,50,0,0,0,55.0,0.800274
96,2015-01-06,Quarter1,Sewing,Tuesday,12,0.8,11.61,1101.0,5310,50,0,0,0,31.5,0.800141
97,2015-01-06,Quarter1,Sewing,Tuesday,7,0.8,25.9,1035.0,10170,38,0,0,0,56.5,0.800129
98,2015-01-06,Quarter1,Sewing,Tuesday,8,0.8,25.9,1083.0,10170,38,0,0,0,56.5,0.800129
99,2015-01-06,Quarter1,Sewing,Tuesday,6,0.8,11.61,910.0,4470,38,0,0,0,31.5,0.800077
100,2015-01-06,Quarter1,Sewing,Tuesday,10,0.75,28.08,1209.0,10530,45,0,0,0,58.5,0.750545
101,2015-01-06,Quarter1,Sewing,Tuesday,11,0.75,19.31,590.0,9900,45,0,0,0,55.0,0.750058
102,2015-01-06,Quarter1,Finishing,Tuesday,8,0.8,2.9,,1440,0,0,0,0,8.0,0.681061
103,2015-01-06,Quarter1,Sewing,Tuesday,5,0.65,21.98,808.0,10440,35,0,0,0,58.0,0.649983
104,2015-01-06,Quarter1,Finishing,Tuesday,7,0.8,2.9,,1440,0,0,0,0,8.0,0.61625
105,2015-01-07,Quarter1,Finishing,Wednesday,1,0.8,3.94,,1440,0,0,0,0,8.0,0.95142
106,2015-01-07,Quarter1,Finishing,Wednesday,9,0.8,3.94,,1440,0,0,0,0,8.0,0.88053
107,2015-01-07,Quarter1,Sewing,Wednesday,1,0.8,26.16,1179.0,10620,75,0,0,0,59.0,0.850502
108,2015-01-07,Quarter1,Sewing,Wednesday,9,0.8,26.16,1324.0,10620,75,0,0,0,59.0,0.850502
109,2015-01-07,Quarter1,Sewing,Wednesday,8,0.8,25.9,1135.0,10170,60,0,0,0,56.5,0.850137
110,2015-01-07,Quarter1,Finishing,Wednesday,3,0.75,4.15,,2700,0,0,0,0,15.0,0.83
111,2015-01-07,Quarter1,Finishing,Wednesday,4,0.8,3.94,,4440,0,0,0,0,18.0,0.827187
112,2015-01-07,Quarter1,Finishing,Wednesday,2,0.8,3.94,,1440,0,0,0,0,8.0,0.813371
113,2015-01-07,Quarter1,Finishing,Wednesday,10,0.75,3.94,,1440,0,0,0,0,8.0,0.805909
114,2015-01-07,Quarter1,Finishing,Wednesday,7,0.8,2.9,,1440,0,0,0,0,8.0,0.80464
115,2015-01-07,Quarter1,Sewing,Wednesday,2,0.8,28.08,776.0,10350,63,0,0,0,57.5,0.800594
116,2015-01-07,Quarter1,Sewing,Wednesday,4,0.8,28.08,990.0,10350,50,0,0,0,57.5,0.800594
117,2015-01-07,Quarter1,Sewing,Wednesday,6,0.8,11.41,986.0,5490,50,0,0,0,30.5,0.800344
118,2015-01-07,Quarter1,Sewing,Wednesday,3,0.8,19.87,924.0,9900,50,0,0,0,55.0,0.800274
119,2015-01-07,Quarter1,Sewing,Wednesday,12,0.8,11.61,1120.0,5670,50,0,0,0,31.5,0.800247
120,2015-01-07,Quarter1,Sewing,Wednesday,7,0.8,25.9,1066.0,10170,50,0,0,0,56.5,0.800129
121,2015-01-07,Quarter1,Sewing,Wednesday,10,0.75,28.08,1144.0,10530,69,0,0,0,58.5,0.8
122,2015-01-07,Quarter1,Sewing,Wednesday,5,0.7,21.98,413.0,9720,40,0,0,0,58.0,0.700481
123,2015-01-07,Quarter1,Finishing,Wednesday,8,0.8,2.9,,1440,0,0,0,0,8.0,0.681061
124,2015-01-07,Quarter1,Finishing,Wednesday,6,0.8,2.9,,1800,0,0,0,0,10.0,0.666515
125,2015-01-07,Quarter1,Sewing,Wednesday,11,0.8,31.83,568.0,9900,40,0,0,0,55.0,0.41212
126,2015-01-07,Quarter1,Finishing,Wednesday,5,0.7,4.15,,1440,0,0,0,0,8.0,0.330114
127,2015-01-08,Quarter2,Finishing,Thursday,1,0.8,3.94,,1440,0,0,0,0,8.0,0.947689
128,2015-01-08,Quarter2,Finishing,Thursday,4,0.8,3.94,,12600,0,0,0,0,20.0,0.919905
129,2015-01-08,Quarter2,Sewing,Thursday,9,0.8,26.16,1216.0,10620,88,0,0,0,59.0,0.900216
130,2015-01-08,Quarter2,Finishing,Thursday,9,0.8,3.94,,1440,0,0,0,0,8.0,0.891724
131,2015-01-08,Quarter2,Sewing,Thursday,1,0.8,26.16,1189.0,10620,75,0,0,0,59.0,0.850502
132,2015-01-08,Quarter2,Sewing,Thursday,4,0.8,28.08,942.0,10530,75,0,0,0,58.5,0.850182
133,2015-01-08,Quarter2,Sewing,Thursday,7,0.8,25.9,1050.0,10170,60,0,0,0,56.5,0.850137
134,2015-01-08,Quarter2,Sewing,Thursday,8,0.8,25.9,1026.0,10170,60,0,0,0,56.5,0.850137
135,2015-01-08,Quarter2,Finishing,Thursday,2,0.8,3.94,,1440,0,0,0,0,8.0,0.835758
136,2015-01-08,Quarter2,Finishing,Thursday,5,0.7,4.15,,3840,0,0,0,0,8.0,0.821354
137,2015-01-08,Quarter2,Sewing,Thursday,2,0.8,28.08,783.0,10050,63,0,0,0,58.5,0.800497
138,2015-01-08,Quarter2,Sewing,Thursday,3,0.8,19.87,857.0,9900,50,0,0,0,55.0,0.800274
139,2015-01-08,Quarter2,Sewing,Thursday,12,0.8,11.61,548.0,15120,63,0,0,0,31.5,0.800107
140,2015-01-08,Quarter2,Sewing,Thursday,6,0.8,11.41,411.0,14640,50,0,0,0,30.5,0.800025
141,2015-01-08,Quarter2,Sewing,Thursday,10,0.75,28.08,1066.0,10530,69,0,0,0,58.5,0.8
142,2015-01-08,Quarter2,Finishing,Thursday,10,0.75,3.94,,1440,0,0,0,0,8.0,0.779792
143,2015-01-08,Quarter2,Finishing,Thursday,8,0.8,2.9,,1440,0,0,0,0,8.0,0.735985
144,2015-01-08,Quarter2,Finishing,Thursday,3,0.75,4.15,,2160,0,0,0,0,12.0,0.712626
145,2015-01-08,Quarter2,Finishing,Thursday,7,0.8,2.9,,1440,0,0,0,0,8.0,0.681061
146,2015-01-08,Quarter2,Finishing,Thursday,11,0.8,4.15,,900,0,0,0,0,5.0,0.515606
147,2015-01-08,Quarter2,Sewing,Thursday,11,0.35,12.52,287.0,25920,38,0,0,0,54.0,0.349951
148,2015-01-08,Quarter2,Sewing,Thursday,5,0.7,42.41,724.0,10260,0,0,0,0,57.0,0.233705
149,2015-01-10,Quarter2,Finishing,Saturday,1,0.8,3.94,,2160,0,0,0,0,8.0,0.985
150,2015-01-10,Quarter2,Finishing,Saturday,3,0.75,4.15,,2760,0,0,0,0,12.0,0.93034
151,2015-01-10,Quarter2,Finishing,Saturday,4,0.8,3.94,,6000,0,0,0,0,20.0,0.91159
152,2015-01-10,Quarter2,Finishing,Saturday,9,0.8,3.94,,1440,0,0,0,0,8.0,0.858144
153,2015-01-10,Quarter2,Sewing,Saturday,9,0.8,26.16,1122.0,10620,75,0,0,0,59.0,0.851174
154,2015-01-10,Quarter2,Sewing,Saturday,7,0.8,25.9,970.0,10170,60,0,0,0,56.5,0.850137
155,2015-01-10,Quarter2,Sewing,Saturday,8,0.8,25.9,1158.0,10170,60,0,0,0,56.5,0.850137
156,2015-01-10,Quarter2,Finishing,Saturday,10,0.8,3.94,,1440,0,0,0,0,8.0,0.846951
157,2015-01-10,Quarter2,Finishing,Saturday,11,0.8,4.15,,1440,0,0,0,0,8.0,0.817424
158,2015-01-10,Quarter2,Finishing,Saturday,2,0.8,3.94,,1440,0,0,0,0,8.0,0.817102
159,2015-01-10,Quarter2,Sewing,Saturday,4,0.8,28.08,660.0,10440,63,0,0,0,58.0,0.801028
160,2015-01-10,Quarter2,Sewing,Saturday,2,0.8,28.08,749.0,10350,63,0,0,0,57.5,0.800594
161,2015-01-10,Quarter2,Sewing,Saturday,12,0.8,11.61,893.0,4710,50,0,0,0,31.5,0.800346
162,2015-01-10,Quarter2,Sewing,Saturday,6,0.8,11.41,887.0,5490,50,0,0,0,30.5,0.800344
163,2015-01-10,Quarter2,Sewing,Saturday,1,0.8,26.16,1335.0,10620,63,0,0,0,59.0,0.800117
164,2015-01-10,Quarter2,Sewing,Saturday,10,0.8,28.08,1082.0,10530,63,0,0,0,58.5,0.8
165,2015-01-10,Quarter2,Sewing,Saturday,3,0.75,19.87,1075.0,7080,45,0,0,0,56.0,0.750098
166,2015-01-10,Quarter2,Sewing,Saturday,11,0.5,12.52,749.0,9540,38,0,0,0,53.0,0.673245
167,2015-01-10,Quarter2,Finishing,Saturday,7,0.8,2.9,,1440,0,0,0,0,8.0,0.670076
168,2015-01-10,Quarter2,Finishing,Saturday,8,0.8,2.9,,1440,0,0,0,0,8.0,0.628883
169,2015-01-10,Quarter2,Sewing,Saturday,5,0.5,20.79,966.0,7680,0,0,0,0,56.0,0.388008
170,2015-01-10,Quarter2,Finishing,Saturday,5,0.5,4.15,,1440,0,0,0,0,8.0,0.337973
171,2015-01-11,Quarter2,Finishing,Sunday,3,0.75,4.15,,1440,0,0,0,0,8.0,0.935322
172,2015-01-11,Quarter2,Finishing,Sunday,4,0.8,3.94,,3600,0,0,0,0,20.0,0.925644
173,2015-01-11,Quarter2,Sewing,Sunday,9,0.8,26.16,1095.0,10620,88,0,0,0,59.0,0.900216
174,2015-01-11,Quarter2,Finishing,Sunday,1,0.8,3.94,,1440,0,0,0,0,8.0,0.873068
175,2015-01-11,Quarter2,Finishing,Sunday,9,0.8,3.94,,1440,0,0,0,0,8.0,0.858144
176,2015-01-11,Quarter2,Sewing,Sunday,1,0.8,26.16,1383.0,10620,75,0,0,0,59.0,0.850502
177,2015-01-11,Quarter2,Sewing,Sunday,7,0.8,25.9,1012.0,10170,45,0,0,0,56.5,0.850137
178,2015-01-11,Quarter2,Sewing,Sunday,8,0.8,25.9,1209.0,10170,60,0,0,0,56.5,0.850137
179,2015-01-11,Quarter2,Finishing,Sunday,10,0.8,3.94,,1440,0,0,0,0,8.0,0.828295
180,2015-01-11,Quarter2,Finishing,Sunday,2,0.8,3.94,,1440,0,0,0,0,8.0,0.820833
181,2015-01-11,Quarter2,Sewing,Sunday,6,0.8,11.41,887.0,5490,50,0,0,0,30.5,0.800344
182,2015-01-11,Quarter2,Sewing,Sunday,12,0.8,11.61,896.0,5670,50,0,0,0,31.5,0.800247
183,2015-01-11,Quarter2,Sewing,Sunday,2,0.8,28.08,805.0,10530,63,0,0,0,58.5,0.8
184,2015-01-11,Quarter2,Sewing,Sunday,10,0.8,28.08,762.0,10530,38,0,0,0,58.5,0.8
185,2015-01-11,Quarter2,Sewing,Sunday,3,0.8,19.87,1043.0,6420,0,0,0,0,55.0,0.690183
186,2015-01-11,Quarter2,Finishing,Sunday,11,0.8,4.15,,1440,0,0,0,0,8.0,0.668087
187,2015-01-11,Quarter2,Finishing,Sunday,8,0.8,2.9,,1440,0,0,0,0,8.0,0.653598
188,2015-01-11,Quarter2,Finishing,Sunday,5,0.5,4.15,,1440,0,0,0,0,8.0,0.609138
189,2015-01-11,Quarter2,Sewing,Sunday,11,0.6,12.52,831.0,9540,30,0,0,0,53.0,0.60023
190,2015-01-11,Quarter2,Finishing,Sunday,6,0.8,2.9,,1440,0,0,0,0,8.0,0.597349
191,2015-01-11,Quarter2,Finishing,Sunday,7,0.8,2.9,,1440,0,0,0,0,8.0,0.590436
192,2015-01-11,Quarter2,Sewing,Sunday,4,0.8,50.48,562.0,10440,0,0,0,0,58.0,0.473135
193,2015-01-11,Quarter2,Sewing,Sunday,5,0.6,20.79,1208.0,7980,0,0,0,0,57.0,0.45298
194,2015-01-12,Quarter2,Finishing,Monday,1,0.8,3.94,,1440,0,0,0,0,8.0,0.955151
195,2015-01-12,Quarter2,Finishing,Monday,4,0.35,4.3,,3240,0,0,0,0,18.0,0.942214
196,2015-01-12,Quarter2,Finishing,Monday,3,0.8,4.15,,1800,0,0,0,0,10.0,0.905455
197,2015-01-12,Quarter2,Finishing,Monday,2,0.8,3.94,,1440,0,0,0,0,8.0,0.88053
198,2015-01-12,Quarter2,Finishing,Monday,9,0.8,3.94,,1440,0,0,0,0,8.0,0.858144
199,2015-01-12,Quarter2,Sewing,Monday,1,0.8,26.16,1099.0,8220,75,0,0,0,59.0,0.850522
200,2015-01-12,Quarter2,Sewing,Monday,9,0.8,26.16,1093.0,10620,75,0,0,0,59.0,0.850502
201,2015-01-12,Quarter2,Sewing,Monday,7,0.8,25.9,1031.0,10170,60,0,0,0,56.5,0.850137
202,2015-01-12,Quarter2,Sewing,Monday,8,0.8,25.9,1233.0,10170,60,0,0,0,56.5,0.850137
203,2015-01-12,Quarter2,Finishing,Monday,6,0.8,2.9,,1440,0,0,0,0,8.0,0.817424
204,2015-01-12,Quarter2,Finishing,Monday,5,0.65,4.15,,1440,0,0,0,0,8.0,0.809564
205,2015-01-12,Quarter2,Sewing,Monday,3,0.8,19.87,941.0,9900,0,0,0,0,55.0,0.800274
206,2015-01-12,Quarter2,Sewing,Monday,6,0.8,11.41,843.0,5670,50,0,0,0,31.5,0.800182
207,2015-01-12,Quarter2,Sewing,Monday,12,0.8,11.61,760.0,4470,50,0,0,0,31.5,0.800077
208,2015-01-12,Quarter2,Sewing,Monday,2,0.8,28.08,737.0,10530,63,0,0,0,58.5,0.8
209,2015-01-12,Quarter2,Finishing,Monday,8,0.8,2.9,,1440,0,0,0,0,8.0,0.725
210,2015-01-12,Quarter2,Sewing,Monday,10,0.8,50.48,381.0,6930,45,0,0,0,58.5,0.688558
211,2015-01-12,Quarter2,Sewing,Monday,5,0.65,20.79,1141.0,8460,0,0,0,0,59.0,0.650041
212,2015-01-12,Quarter2,Sewing,Monday,11,0.65,12.52,1004.0,9540,44,0,0,0,53.0,0.649981
213,2015-01-12,Quarter2,Finishing,Monday,7,0.8,2.9,,1440,0,0,0,0,8.0,0.648106
214,2015-01-12,Quarter2,Finishing,Monday,11,0.8,4.15,,1440,0,0,0,0,8.0,0.640578
215,2015-01-12,Quarter2,Sewing,Monday,4,0.35,22.4,581.0,7350,0,0,0,0,51.5,0.350633
216,2015-01-12,Quarter2,Finishing,Monday,10,0.8,3.94,,1440,0,0,0,0,8.0,0.24625
217,2015-01-13,Quarter2,Finishing,Tuesday,4,0.35,4.3,,2160,0,0,0,0,12.0,0.95202
218,2015-01-13,Quarter2,Finishing,Tuesday,1,0.8,3.94,,1440,0,0,0,0,2.0,0.95142
219,2015-01-13,Quarter2,Finishing,Tuesday,10,0.8,3.94,,5400,0,0,0,0,20.0,0.912767
220,2015-01-13,Quarter2,Finishing,Tuesday,3,0.8,4.15,,1620,0,0,0,0,9.0,0.901263
221,2015-01-13,Quarter2,Finishing,Tuesday,9,0.8,3.94,,1440,0,0,0,0,8.0,0.858144
222,2015-01-13,Quarter2,Sewing,Tuesday,1,0.8,26.16,1073.0,10620,75,0,0,0,59.0,0.850502
223,2015-01-13,Quarter2,Sewing,Tuesday,9,0.8,26.16,1156.0,10620,75,0,0,0,59.0,0.850502
224,2015-01-13,Quarter2,Sewing,Tuesday,8,0.8,25.9,1211.0,10260,60,0,0,0,57.0,0.850253
225,2015-01-13,Quarter2,Sewing,Tuesday,7,0.8,25.9,1126.0,10170,60,0,0,0,56.5,0.850137
226,2015-01-13,Quarter2,Finishing,Tuesday,5,0.65,4.15,,1440,0,0,0,0,8.0,0.821354
227,2015-01-13,Quarter2,Finishing,Tuesday,2,0.8,3.94,,1440,0,0,0,0,8.0,0.805909
228,2015-01-13,Quarter2,Sewing,Tuesday,6,0.8,11.61,1004.0,5670,50,0,0,0,31.5,0.800247
229,2015-01-13,Quarter2,Sewing,Tuesday,12,0.8,11.61,1063.0,5670,50,0,0,0,31.5,0.800247
230,2015-01-13,Quarter2,Sewing,Tuesday,2,0.8,28.08,723.0,10530,50,0,0,0,58.5,0.8
231,2015-01-13,Quarter2,Sewing,Tuesday,3,0.8,42.27,465.0,9900,54,0,0,0,55.0,0.705577
232,2015-01-13,Quarter2,Finishing,Tuesday,8,0.8,2.9,,1440,0,0,0,0,8.0,0.681061
233,2015-01-13,Quarter2,Finishing,Tuesday,7,0.8,2.9,,1440,0,0,0,0,8.0,0.670076
234,2015-01-13,Quarter2,Finishing,Tuesday,11,0.8,4.15,,1440,0,0,0,0,8.0,0.601278
235,2015-01-13,Quarter2,Sewing,Tuesday,11,0.7,27.13,530.0,9540,37,0,0,0,53.0,0.582301
236,2015-01-13,Quarter2,Sewing,Tuesday,5,0.7,20.79,1297.0,10440,0,0,0,0,58.0,0.52681
237,2015-01-13,Quarter2,Sewing,Tuesday,4,0.5,22.4,783.0,10170,23,0,0,0,56.5,0.500381
238,2015-01-13,Quarter2,Sewing,Tuesday,10,0.35,22.4,715.0,10170,23,0,0,0,56.5,0.350206
239,2015-01-14,Quarter2,Finishing,Wednesday,11,0.8,4.15,,1980,0,0,0,0,7.0,0.934607
240,2015-01-14,Quarter2,Finishing,Wednesday,4,0.35,4.3,,2700,0,0,0,0,8.0,0.908081
241,2015-01-14,Quarter2,Sewing,Wednesday,7,0.8,25.9,1150.0,10170,70,0,0,0,56.5,0.900145
242,2015-01-14,Quarter2,Finishing,Wednesday,1,0.8,3.94,,1440,0,0,0,0,8.0,0.891724
243,2015-01-14,Quarter2,Finishing,Wednesday,5,0.65,4.15,,1440,0,0,0,0,15.0,0.864583
244,2015-01-14,Quarter2,Finishing,Wednesday,9,0.8,3.94,,1440,0,0,0,0,8.0,0.858144
245,2015-01-14,Quarter2,Sewing,Wednesday,9,0.8,26.16,1232.0,10620,75,0,0,0,59.0,0.850502
246,2015-01-14,Quarter2,Sewing,Wednesday,8,0.8,25.9,1218.0,10170,60,0,0,0,56.5,0.850137
247,2015-01-14,Quarter2,Finishing,Wednesday,7,0.8,2.9,,1440,0,0,0,0,8.0,0.837595
248,2015-01-14,Quarter2,Finishing,Wednesday,3,0.8,4.15,,1440,0,0,0,0,7.0,0.820833
249,2015-01-14,Quarter2,Sewing,Wednesday,12,0.8,11.61,1159.0,2970,50,0,0,0,31.5,0.800313
250,2015-01-14,Quarter2,Sewing,Wednesday,6,0.8,11.61,972.0,5670,38,0,0,0,31.5,0.800247
251,2015-01-14,Quarter2,Sewing,Wednesday,1,0.8,26.16,1092.0,10620,63,0,0,0,59.0,0.800117
252,2015-01-14,Quarter2,Sewing,Wednesday,5,0.7,20.79,965.0,7320,0,0,0,0,58.0,0.700096
253,2015-01-14,Quarter2,Finishing,Wednesday,8,0.8,2.9,,1440,0,0,0,0,8.0,0.66733
254,2015-01-14,Quarter2,Sewing,Wednesday,4,0.6,22.4,816.0,5100,23,0,0,0,57.0,0.60037
255,2015-01-14,Quarter2,Sewing,Wednesday,10,0.5,22.4,947.0,3390,23,0,0,0,56.5,0.49998
256,2015-01-14,Quarter2,Sewing,Wednesday,11,0.35,14.61,838.0,7200,23,0,0,0,55.0,0.350031
257,2015-01-14,Quarter2,Finishing,Wednesday,10,0.8,3.94,,1260,0,0,0,0,8.0,0.332359
258,2015-01-14,Quarter2,Sewing,Wednesday,2,0.8,51.02,1086.0,4260,27,0,0,0,57.0,0.311207
259,2015-01-14,Quarter2,Finishing,Wednesday,2,0.8,3.94,,1260,0,0,0,0,8.0,0.247316
260,2015-01-15,Quarter3,Finishing,Thursday,4,0.35,4.3,,3600,0,0,0,0,20.0,0.988636
261,2015-01-15,Quarter3,Finishing,Thursday,10,0.8,3.94,,3420,0,0,0,0,19.0,0.95311
262,2015-01-15,Quarter3,Finishing,Thursday,1,0.8,3.94,,1440,0,0,0,0,8.0,0.884261
263,2015-01-15,Quarter3,Finishing,Thursday,5,0.65,4.15,,1440,0,0,0,0,8.0,0.860653
264,2015-01-15,Quarter3,Finishing,Thursday,9,0.8,3.94,,1440,0,0,0,0,8.0,0.858144
265,2015-01-15,Quarter3,Sewing,Thursday,1,0.8,26.16,1160.0,10620,75,0,0,0,59.0,0.850502
266,2015-01-15,Quarter3,Sewing,Thursday,8,0.8,25.9,1177.0,8970,60,0,0,0,56.5,0.850416
267,2015-01-15,Quarter3,Sewing,Thursday,7,0.8,25.9,1281.0,10170,60,0,0,0,56.5,0.850137
268,2015-01-15,Quarter3,Sewing,Thursday,9,0.8,26.16,1369.0,10620,63,0,0,0,59.0,0.800117
269,2015-01-15,Quarter3,Sewing,Thursday,6,0.8,11.61,1084.0,4950,38,0,0,0,31.5,0.800031
270,2015-01-15,Quarter3,Sewing,Thursday,12,0.8,11.61,1216.0,4950,50,0,0,0,31.5,0.800031
271,2015-01-15,Quarter3,Sewing,Thursday,5,0.7,20.79,391.0,10440,0,0,0,0,58.0,0.70006
272,2015-01-15,Quarter3,Finishing,Thursday,7,0.8,2.9,,1440,0,0,0,0,8.0,0.689299
273,2015-01-15,Quarter3,Sewing,Thursday,3,0.5,22.52,1102.0,10170,30,0,0,0,56.5,0.660683
274,2015-01-15,Quarter3,Sewing,Thursday,4,0.65,22.52,872.0,10080,26,0,0,0,56.0,0.650131
275,2015-01-15,Quarter3,Finishing,Thursday,8,0.8,2.9,,1440,0,0,0,0,8.0,0.606913
276,2015-01-15,Quarter3,Sewing,Thursday,10,0.6,22.52,1076.0,10170,23,0,0,0,56.5,0.600292
277,2015-01-15,Quarter3,Sewing,Thursday,11,0.5,14.89,917.0,9900,30,0,0,0,55.0,0.500025
278,2015-01-15,Quarter3,Sewing,Thursday,2,0.5,22.94,1044.0,9810,23,0,0,0,54.5,0.499999
279,2015-01-17,Quarter3,Finishing,Saturday,5,0.65,4.15,,2700,0,0,0,0,15.0,0.987197
280,2015-01-17,Quarter3,Finishing,Saturday,2,0.8,3.94,,1800,0,0,0,0,10.0,0.980909
281,2015-01-17,Quarter3,Finishing,Saturday,10,0.8,3.94,,1440,0,0,0,0,8.0,0.974621
282,2015-01-17,Quarter3,Finishing,Saturday,1,0.8,3.94,,1440,0,0,0,0,8.0,0.884261
283,2015-01-17,Quarter3,Finishing,Saturday,9,0.8,3.94,,1800,0,0,0,0,10.0,0.826803
284,2015-01-17,Quarter3,Sewing,Saturday,6,0.8,11.41,1067.0,5490,63,0,0,0,30.5,0.800344
285,2015-01-17,Quarter3,Sewing,Saturday,12,0.8,11.61,1039.0,5670,63,0,0,0,31.5,0.800247
286,2015-01-17,Quarter3,Sewing,Saturday,7,0.8,25.9,1396.0,10170,50,0,0,0,56.5,0.800129
287,2015-01-17,Quarter3,Sewing,Saturday,8,0.8,25.9,1292.0,10170,50,0,0,0,56.5,0.800129
288,2015-01-17,Quarter3,Sewing,Saturday,1,0.8,48.68,171.0,10620,63,0,0,0,59.0,0.800117
289,2015-01-17,Quarter3,Sewing,Saturday,9,0.8,26.16,1128.0,10620,63,0,0,0,59.0,0.800117
290,2015-01-17,Quarter3,Sewing,Saturday,2,0.6,22.94,865.0,6570,23,0,0,0,56.5,0.770114
291,2015-01-17,Quarter3,Sewing,Saturday,4,0.7,22.52,825.0,10170,50,0,0,0,56.5,0.700542
292,2015-01-17,Quarter3,Finishing,Saturday,8,0.8,2.9,,1440,0,0,0,0,8.0,0.675568
293,2015-01-17,Quarter3,Finishing,Saturday,7,0.8,2.9,,1440,0,0,0,0,8.0,0.661837
294,2015-01-17,Quarter3,Sewing,Saturday,10,0.65,22.52,1163.0,9720,35,0,0,0,54.0,0.650199
295,2015-01-17,Quarter3,Sewing,Saturday,3,0.6,22.52,1140.0,10170,30,0,0,0,56.5,0.600292
296,2015-01-17,Quarter3,Sewing,Saturday,11,0.6,14.89,1027.0,10080,38,0,0,0,56.0,0.600273
297,2015-01-17,Quarter3,Finishing,Saturday,6,0.8,2.9,,900,0,0,0,0,5.0,0.465758
298,2015-01-17,Quarter3,Sewing,Saturday,5,0.7,41.19,1052.0,10440,21,0,0,0,58.0,0.452013
299,2015-01-17,Quarter3,Finishing,Saturday,11,0.8,4.15,,1260,0,0,0,0,7.0,0.313853
300,2015-01-18,Quarter3,Finishing,Sunday,5,0.6,4.15,,1440,0,0,0,0,8.0,0.852794
301,2015-01-18,Quarter3,Finishing,Sunday,11,0.65,4.15,,2160,0,0,0,0,12.0,0.838384
302,2015-01-18,Quarter3,Finishing,Sunday,6,0.8,2.9,,1800,0,0,0,0,10.0,0.804848
303,2015-01-18,Quarter3,Sewing,Sunday,6,0.8,11.41,1140.0,5490,63,0,0,0,30.5,0.800344
304,2015-01-18,Quarter3,Sewing,Sunday,7,0.8,48.84,624.0,10170,50,0,0,0,56.5,0.800129
305,2015-01-18,Quarter3,Sewing,Sunday,8,0.8,25.9,1288.0,10170,38,0,0,0,56.5,0.800129
306,2015-01-18,Quarter3,Sewing,Sunday,9,0.8,26.16,1381.0,3660,50,0,0,0,59.0,0.800015
307,2015-01-18,Quarter3,Sewing,Sunday,4,0.7,22.52,882.0,10170,50,0,0,0,56.5,0.700542
308,2015-01-18,Quarter3,Sewing,Sunday,10,0.7,22.52,1002.0,10080,40,0,0,0,56.0,0.700094
309,2015-01-18,Quarter3,Finishing,Sunday,7,0.8,2.9,,1440,0,0,0,0,8.0,0.692045
310,2015-01-18,Quarter3,Sewing,Sunday,12,0.8,26.87,585.0,5670,56,0,0,0,31.5,0.662256
311,2015-01-18,Quarter3,Sewing,Sunday,3,0.65,22.52,1138.0,10170,35,0,0,0,56.5,0.650417
312,2015-01-18,Quarter3,Sewing,Sunday,11,0.65,14.89,1140.0,10260,44,0,0,0,57.0,0.6503
313,2015-01-18,Quarter3,Sewing,Sunday,2,0.65,22.94,1025.0,10170,26,0,0,0,56.5,0.650244
314,2015-01-18,Quarter3,Finishing,Sunday,8,0.8,2.9,,1440,0,0,0,0,8.0,0.639867
315,2015-01-18,Quarter3,Sewing,Sunday,5,0.6,20.4,1031.0,10440,30,0,0,0,58.0,0.600063
316,2015-01-18,Quarter3,Finishing,Sunday,9,0.8,3.94,,1800,0,0,0,0,10.0,0.582045
317,2015-01-18,Quarter3,Sewing,Sunday,1,0.8,49.1,1381.0,10350,24,0,0,0,57.5,0.403242
318,2015-01-18,Quarter3,Finishing,Sunday,10,0.7,3.94,,1440,0,0,0,0,8.0,0.235795
319,2015-01-19,Quarter3,Finishing,Monday,4,0.7,4.3,,5040,0,0,0,0,28.0,0.977273
320,2015-01-19,Quarter3,Finishing,Monday,9,0.8,3.94,,1800,0,0,0,0,10.0,0.964106
321,2015-01-19,Quarter3,Finishing,Monday,5,0.65,4.15,,1440,0,0,0,0,8.0,0.958902
322,2015-01-19,Quarter3,Sewing,Monday,6,0.8,11.41,1028.0,4380,50,0,0,0,31.0,0.800359
323,2015-01-19,Quarter3,Sewing,Monday,8,0.8,25.9,1380.0,3630,50,0,0,0,56.5,0.800163
324,2015-01-19,Quarter3,Sewing,Monday,9,0.8,26.16,1196.0,10620,63,0,0,0,59.0,0.800117
325,2015-01-19,Quarter3,Finishing,Monday,12,0.8,2.9,,1440,0,0,0,0,8.0,0.793845
326,2015-01-19,Quarter3,Sewing,Monday,2,0.7,22.94,1006.0,10170,38,0,0,0,56.5,0.750518
327,2015-01-19,Quarter3,Sewing,Monday,4,0.7,22.52,930.0,10260,63,0,0,0,57.0,0.750068
328,2015-01-19,Quarter3,Sewing,Monday,3,0.7,22.52,1095.0,10170,50,0,0,0,56.5,0.750063
329,2015-01-19,Quarter3,Sewing,Monday,10,0.7,22.52,938.0,10080,63,0,0,0,56.0,0.750057
330,2015-01-19,Quarter3,Sewing,Monday,11,0.7,14.89,1484.0,10260,50,0,0,0,57.0,0.70017
331,2015-01-19,Quarter3,Finishing,Monday,8,0.8,2.9,,1440,0,0,0,0,8.0,0.683807
332,2015-01-19,Quarter3,Sewing,Monday,5,0.65,20.4,1255.0,8280,35,0,0,0,58.0,0.650066
333,2015-01-19,Quarter3,Sewing,Monday,7,0.8,48.84,1040.0,10260,30,0,0,0,57.0,0.57646
334,2015-01-19,Quarter3,Sewing,Monday,1,0.5,22.94,1492.0,10170,30,0,0,0,56.5,0.549969
335,2015-01-19,Quarter3,Finishing,Monday,10,0.7,3.94,,1440,0,0,0,0,8.0,0.5384
336,2015-01-19,Quarter3,Finishing,Monday,11,0.7,4.15,,1440,0,0,0,0,8.0,0.409545
337,2015-01-19,Quarter3,Sewing,Monday,12,0.35,15.26,1111.0,6120,23,0,0,0,34.0,0.350218
338,2015-01-20,Quarter3,Finishing,Tuesday,5,0.7,4.15,,1440,0,0,0,0,8.0,1.03357
339,2015-01-20,Quarter3,Sewing,Tuesday,6,0.8,11.41,1047.0,5580,63,0,0,0,31.0,0.800261
340,2015-01-20,Quarter3,Sewing,Tuesday,8,0.8,25.9,1434.0,10170,50,0,0,0,56.5,0.800129
341,2015-01-20,Quarter3,Sewing,Tuesday,9,0.8,26.16,399.0,10620,63,0,0,0,59.0,0.800117
342,2015-01-20,Quarter3,Sewing,Tuesday,4,0.7,22.52,983.0,10260,63,0,0,0,57.0,0.750068
343,2015-01-20,Quarter3,Sewing,Tuesday,10,0.7,22.52,1108.0,10080,63,0,0,0,56.0,0.750057
344,2015-01-20,Quarter3,Sewing,Tuesday,3,0.7,22.52,1134.0,8460,50,0,0,0,57.0,0.750038
345,2015-01-20,Quarter3,Sewing,Tuesday,2,0.7,22.94,1363.0,10260,50,0,0,0,57.0,0.750032
346,2015-01-20,Quarter3,Finishing,Tuesday,9,0.8,3.94,,1800,0,0,0,0,10.0,0.728303
347,2015-01-20,Quarter3,Sewing,Tuesday,11,0.7,14.89,1501.0,10260,50,0,0,0,57.0,0.70017
348,2015-01-20,Quarter3,Sewing,Tuesday,5,0.7,20.4,1352.0,10260,50,0,0,0,57.0,0.700064
349,2015-01-20,Quarter3,Finishing,Tuesday,8,0.8,2.9,,1440,0,0,0,0,8.0,0.639867
350,2015-01-20,Quarter3,Sewing,Tuesday,12,0.5,15.26,1352.0,3720,23,0,0,0,34.0,0.50029
351,2015-01-20,Quarter3,Sewing,Tuesday,7,0.35,22.94,1450.0,10080,30,0,0,0,56.0,0.400333
352,2015-01-20,Quarter3,Finishing,Tuesday,11,0.7,4.15,,2700,0,0,0,0,15.0,0.362667
353,2015-01-21,Quarter3,Finishing,Wednesday,4,0.75,4.3,,6000,0,0,0,0,20.0,0.978526
354,2015-01-21,Quarter3,Finishing,Wednesday,2,0.7,3.94,,5100,0,0,0,0,17.0,0.912202
355,2015-01-21,Quarter3,Sewing,Wednesday,4,0.75,22.52,825.0,10080,94,0,0,0,56.0,0.900556
356,2015-01-21,Quarter3,Sewing,Wednesday,6,0.8,11.61,916.0,5760,75,0,0,0,89.0,0.850411
357,2015-01-21,Quarter3,Finishing,Wednesday,9,0.8,3.94,,2400,0,0,0,0,8.0,0.827147
358,2015-01-21,Quarter3,Sewing,Wednesday,8,0.8,25.9,562.0,7470,38,0,0,0,56.5,0.800437
359,2015-01-21,Quarter3,Sewing,Wednesday,2,0.7,22.94,1422.0,10500,60,0,0,0,57.0,0.800416
360,2015-01-21,Quarter3,Sewing,Wednesday,10,0.7,22.52,1206.0,10080,75,0,0,0,56.0,0.800021
361,2015-01-21,Quarter3,Finishing,Wednesday,5,0.7,4.15,,2400,0,0,0,0,8.0,0.758173
362,2015-01-21,Quarter3,Sewing,Wednesday,5,0.7,20.4,1404.0,10440,50,0,0,0,58.0,0.750345
363,2015-01-21,Quarter3,Sewing,Wednesday,3,0.7,22.52,1139.0,10260,63,0,0,0,57.0,0.750068
364,2015-01-21,Quarter3,Sewing,Wednesday,11,0.7,14.89,1735.0,10260,50,0,0,0,57.0,0.70017
365,2015-01-21,Quarter3,Sewing,Wednesday,1,0.65,22.94,1595.0,10260,34,0,0,0,57.0,0.70003
366,2015-01-21,Quarter3,Sewing,Wednesday,12,0.6,15.26,1245.0,6360,23,0,0,0,34.0,0.600173
367,2015-01-21,Quarter3,Finishing,Wednesday,8,0.8,2.9,,2400,0,0,0,0,8.0,0.594872
368,2015-01-21,Quarter3,Sewing,Wednesday,9,0.8,54.56,757.0,4140,29,0,0,0,58.0,0.520238
369,2015-01-21,Quarter3,Finishing,Wednesday,1,0.65,3.94,,2400,0,0,0,0,8.0,0.505128
370,2015-01-21,Quarter3,Sewing,Wednesday,7,0.5,22.52,1720.0,10080,23,0,0,0,56.0,0.500241
371,2015-01-21,Quarter3,Finishing,Wednesday,11,0.7,4.15,,2700,0,0,0,0,9.0,0.470769
372,2015-01-22,Quarter4,Finishing,Thursday,7,0.6,3.94,,6000,0,0,0,0,10.0,0.957639
373,2015-01-22,Quarter4,Finishing,Thursday,10,0.75,3.94,,8400,0,0,0,0,14.0,0.940701
374,2015-01-22,Quarter4,Sewing,Thursday,4,0.75,22.52,759.0,10080,81,0,0,0,56.0,0.849984
375,2015-01-22,Quarter4,Sewing,Thursday,2,0.7,22.94,1510.0,10620,60,0,0,0,57.0,0.800303
376,2015-01-22,Quarter4,Sewing,Thursday,6,0.8,11.61,955.0,6360,63,0,0,0,32.0,0.800192
377,2015-01-22,Quarter4,Sewing,Thursday,10,0.75,22.52,1328.0,10080,55,0,0,0,56.0,0.800021
378,2015-01-22,Quarter4,Sewing,Thursday,1,0.7,22.94,1384.0,12180,63,0,0,0,57.0,0.750162
379,2015-01-22,Quarter4,Sewing,Thursday,3,0.7,22.52,1244.0,10260,63,0,0,0,57.0,0.750068
380,2015-01-22,Quarter4,Finishing,Thursday,5,0.7,4.15,,9000,0,0,0,0,15.0,0.742901
381,2015-01-22,Quarter4,Sewing,Thursday,5,0.7,20.4,1480.0,10440,40,0,0,0,58.0,0.700251
382,2015-01-22,Quarter4,Sewing,Thursday,11,0.7,14.89,1863.0,10260,50,0,0,0,57.0,0.70017
383,2015-01-22,Quarter4,Finishing,Thursday,4,0.75,4.3,,9000,0,0,0,0,15.0,0.670216
384,2015-01-22,Quarter4,Finishing,Thursday,1,0.7,3.94,,15000,0,0,0,0,25.0,0.649662
385,2015-01-22,Quarter4,Finishing,Thursday,2,0.7,3.94,,15000,0,0,0,0,25.0,0.649662
386,2015-01-22,Quarter4,Finishing,Thursday,6,0.8,2.9,,4800,0,0,0,0,8.0,0.626823
387,2015-01-22,Quarter4,Sewing,Thursday,12,0.6,15.26,1492.0,6960,23,0,0,0,34.0,0.600436
388,2015-01-22,Quarter4,Sewing,Thursday,7,0.6,22.52,1859.0,10260,23,0,0,0,57.0,0.600414
389,2015-01-22,Quarter4,Sewing,Thursday,8,0.8,40.99,980.0,10770,30,0,0,0,56.5,0.5555
390,2015-01-22,Quarter4,Sewing,Thursday,9,0.5,29.12,970.0,10440,30,0,0,0,58.0,0.500548
391,2015-01-22,Quarter4,Finishing,Thursday,3,0.7,3.94,,12000,0,0,0,0,20.0,0.460579
392,2015-01-22,Quarter4,Finishing,Thursday,8,0.8,2.9,,4800,0,0,0,0,8.0,0.397743
393,2015-01-22,Quarter4,Finishing,Thursday,12,0.6,4.08,,5400,0,0,0,0,9.0,0.327407
394,2015-01-24,Quarter4,Finishing,Saturday,5,0.7,4.15,,2700,0,0,0,0,15.0,0.966667
395,2015-01-24,Quarter4,Finishing,Saturday,10,0.75,3.94,,1800,0,0,0,0,10.0,0.937242
396,2015-01-24,Quarter4,Finishing,Saturday,8,0.8,2.9,,1620,0,0,0,0,9.0,0.910522
397,2015-01-24,Quarter4,Sewing,Saturday,2,0.75,22.94,1606.0,10260,94,0,0,0,57.0,0.900648
398,2015-01-24,Quarter4,Sewing,Saturday,4,0.75,22.52,727.0,10260,94,0,0,0,57.0,0.900321
399,2015-01-24,Quarter4,Finishing,Saturday,11,0.75,4.15,,1800,0,0,0,0,10.0,0.896023
400,2015-01-24,Quarter4,Finishing,Saturday,3,0.75,3.94,,1440,0,0,0,0,8.0,0.895455
401,2015-01-24,Quarter4,Finishing,Saturday,7,0.65,3.94,,2160,0,0,0,0,12.0,0.870581
402,2015-01-24,Quarter4,Finishing,Saturday,12,0.7,4.08,,1620,0,0,0,0,9.0,0.858586
403,2015-01-24,Quarter4,Sewing,Saturday,1,0.7,22.94,1472.0,10260,75,0,0,0,57.0,0.800644
404,2015-01-24,Quarter4,Sewing,Saturday,10,0.75,22.52,1332.0,10080,69,0,0,0,56.0,0.80063
405,2015-01-24,Quarter4,Sewing,Saturday,6,0.8,11.61,1009.0,5640,63,0,0,0,32.0,0.800537
406,2015-01-24,Quarter4,Sewing,Saturday,3,0.75,22.52,1266.0,10260,69,0,0,0,57.0,0.800352
407,2015-01-24,Quarter4,Sewing,Saturday,12,0.75,15.26,1316.0,6120,40,0,0,0,34.0,0.750079
408,2015-01-24,Quarter4,Sewing,Saturday,11,0.75,42.97,1282.0,10260,56,0,0,0,57.0,0.750041
409,2015-01-24,Quarter4,Sewing,Saturday,5,0.7,20.4,1382.0,10440,50,0,0,0,58.0,0.700251
410,2015-01-24,Quarter4,Finishing,Saturday,4,0.75,4.3,,2160,0,0,0,0,12.0,0.651515
411,2015-01-24,Quarter4,Sewing,Saturday,7,0.65,22.52,1295.0,10170,26,0,0,0,56.5,0.650417
412,2015-01-24,Quarter4,Sewing,Saturday,9,0.6,29.12,925.0,6660,23,0,0,0,58.0,0.600125
413,2015-01-24,Quarter4,Finishing,Saturday,2,0.75,3.94,,1440,0,0,0,0,8.0,0.578314
414,2015-01-24,Quarter4,Finishing,Saturday,1,0.7,3.94,,1440,0,0,0,0,8.0,0.578314
415,2015-01-24,Quarter4,Sewing,Saturday,8,0.35,15.09,1448.0,9360,23,0,0,0,52.0,0.34999
416,2015-01-24,Quarter4,Finishing,Saturday,9,0.6,3.94,,1440,0,0,0,0,8.0,0.261174
417,2015-01-25,Quarter4,Finishing,Sunday,5,0.7,4.15,,3060,0,0,0,0,17.0,0.973797
418,2015-01-25,Quarter4,Finishing,Sunday,2,0.75,3.94,,1440,0,0,0,0,8.0,0.970076
419,2015-01-25,Quarter4,Finishing,Sunday,1,0.7,3.94,,1440,0,0,0,0,8.0,0.970076
420,2015-01-25,Quarter4,Finishing,Sunday,3,0.75,3.94,,1620,0,0,0,0,9.0,0.961785
421,2015-01-25,Quarter4,Finishing,Sunday,10,0.75,3.94,,3420,0,0,0,0,19.0,0.955151
422,2015-01-25,Quarter4,Finishing,Sunday,4,0.75,4.3,,2160,0,0,0,0,12.0,0.95202
423,2015-01-25,Quarter4,Sewing,Sunday,4,0.75,22.52,867.0,10260,94,0,0,0,57.0,0.900321
424,2015-01-25,Quarter4,Sewing,Sunday,2,0.75,22.94,1636.0,10530,81,0,0,0,58.5,0.850224
425,2015-01-25,Quarter4,Sewing,Sunday,1,0.7,22.94,1682.0,10530,75,0,0,0,58.5,0.80091
426,2015-01-25,Quarter4,Sewing,Sunday,3,0.75,22.52,1495.0,10350,55,0,0,0,57.5,0.800513
427,2015-01-25,Quarter4,Sewing,Sunday,6,0.8,11.61,1181.0,5760,63,0,0,0,32.0,0.800386
428,2015-01-25,Quarter4,Sewing,Sunday,10,0.75,22.52,1413.0,10080,69,0,0,0,56.0,0.800021
429,2015-01-25,Quarter4,Finishing,Sunday,7,0.65,3.94,,2520,0,0,0,0,14.0,0.749188
430,2015-01-25,Quarter4,Sewing,Sunday,7,0.7,22.52,360.0,10170,40,0,0,0,56.5,0.700542
431,2015-01-25,Quarter4,Sewing,Sunday,12,0.7,15.26,1296.0,6120,40,0,0,0,34.0,0.700437
432,2015-01-25,Quarter4,Sewing,Sunday,5,0.7,20.4,1217.0,10440,50,0,0,0,58.0,0.700251
433,2015-01-25,Quarter4,Sewing,Sunday,9,0.65,29.12,1086.0,10440,26,0,0,0,58.0,0.650408
434,2015-01-25,Quarter4,Finishing,Sunday,12,0.7,4.08,,1620,0,0,0,0,9.0,0.618182
435,2015-01-25,Quarter4,Sewing,Sunday,11,0.75,42.97,532.0,10260,40,0,0,0,57.0,0.591142
436,2015-01-25,Quarter4,Sewing,Sunday,8,0.5,15.09,1557.0,720,23,0,0,0,52.0,0.500062
437,2015-01-25,Quarter4,Finishing,Sunday,8,0.8,2.9,,720,0,0,0,0,4.0,0.329545
438,2015-01-26,Quarter4,Finishing,Monday,3,0.75,3.94,,1800,0,0,0,0,10.0,1.059621
439,2015-01-26,Quarter4,Finishing,Monday,10,0.75,3.94,,3780,0,0,0,0,21.0,0.997792
440,2015-01-26,Quarter4,Finishing,Monday,4,0.75,4.3,,2160,0,0,0,0,12.0,0.9637
441,2015-01-26,Quarter4,Finishing,Monday,5,0.7,4.15,,2700,0,0,0,0,15.0,0.959192
442,2015-01-26,Quarter4,Finishing,Monday,2,0.75,3.94,,1800,0,0,0,0,10.0,0.910379
443,2015-01-26,Quarter4,Finishing,Monday,1,0.7,3.94,,1800,0,0,0,0,10.0,0.910379
444,2015-01-26,Quarter4,Sewing,Monday,4,0.8,22.52,1016.0,10170,60,0,0,0,56.5,0.850313
445,2015-01-26,Quarter4,Sewing,Monday,6,0.8,11.61,1072.0,5760,50,0,0,0,32.0,0.800386
446,2015-01-26,Quarter4,Sewing,Monday,3,0.75,22.52,1584.0,10260,69,0,0,0,57.0,0.800352
447,2015-01-26,Quarter4,Sewing,Monday,2,0.75,22.94,1764.0,10260,55,0,0,0,57.0,0.800034
448,2015-01-26,Quarter4,Sewing,Monday,1,0.7,22.94,1745.0,10440,60,0,0,0,58.0,0.800023
449,2015-01-26,Quarter4,Sewing,Monday,10,0.75,22.52,1250.0,10080,55,0,0,0,56.0,0.800021
450,2015-01-26,Quarter4,Finishing,Monday,12,0.7,4.08,,1620,0,0,0,0,9.0,0.769293
451,2015-01-26,Quarter4,Sewing,Monday,5,0.75,20.4,1118.0,10320,56,0,0,0,58.0,0.750031
452,2015-01-26,Quarter4,Sewing,Monday,9,0.7,29.12,1143.0,10440,40,0,0,0,58.0,0.700614
453,2015-01-26,Quarter4,Sewing,Monday,12,0.7,15.26,1337.0,6120,40,0,0,0,34.0,0.700437
454,2015-01-26,Quarter4,Finishing,Monday,7,0.65,3.94,,1440,0,0,0,0,8.0,0.646307
455,2015-01-26,Quarter4,Sewing,Monday,8,0.6,15.09,1519.0,360,23,0,0,0,52.0,0.600143
456,2015-01-26,Quarter4,Sewing,Monday,11,0.35,28.08,749.0,10260,23,0,0,0,57.0,0.350067
457,2015-01-27,Quarter4,Sewing,Tuesday,2,0.75,22.52,1635.0,6840,119,0,0,0,57.0,1.00023
458,2015-01-27,Quarter4,Sewing,Tuesday,3,0.75,22.52,1299.0,6840,119,0,0,0,57.0,1.00023
459,2015-01-27,Quarter4,Finishing,Tuesday,10,0.8,3.94,,1440,0,0,0,0,12.0,0.979528
460,2015-01-27,Quarter4,Finishing,Tuesday,4,0.8,4.3,,1440,0,0,0,0,12.0,0.940625
461,2015-01-27,Quarter4,Finishing,Tuesday,5,0.5,4.15,,1440,0,0,0,0,12.0,0.926389
462,2015-01-27,Quarter4,Sewing,Tuesday,10,0.8,22.52,1134.0,6720,70,0,0,0,56.0,0.90013
463,2015-01-27,Quarter4,Finishing,Tuesday,3,0.75,3.94,,1440,0,0,0,0,12.0,0.861875
464,2015-01-27,Quarter4,Sewing,Tuesday,4,0.8,22.52,1106.0,6780,60,0,0,0,56.5,0.850313
465,2015-01-27,Quarter4,Finishing,Tuesday,8,0.65,3.94,,960,0,0,0,0,8.0,0.845458
466,2015-01-27,Quarter4,Finishing,Tuesday,12,0.7,4.15,,1080,0,0,0,0,9.0,0.823556
467,2015-01-27,Quarter4,Finishing,Tuesday,7,0.5,4.15,,960,0,0,0,0,8.0,0.803542
468,2015-01-27,Quarter4,Sewing,Tuesday,1,0.75,22.94,1871.0,6960,55,0,0,0,58.0,0.800263
469,2015-01-27,Quarter4,Finishing,Tuesday,2,0.75,3.94,,1200,0,0,0,0,10.0,0.788
470,2015-01-27,Quarter4,Finishing,Tuesday,1,0.75,3.94,,1200,0,0,0,0,10.0,0.77815
471,2015-01-27,Quarter4,Sewing,Tuesday,9,0.7,29.12,1294.0,6960,50,0,0,0,58.0,0.700386
472,2015-01-27,Quarter4,Sewing,Tuesday,12,0.7,15.26,1462.0,4080,40,0,0,0,34.0,0.700165
473,2015-01-27,Quarter4,Sewing,Tuesday,8,0.65,15.09,976.0,240,23,0,0,0,52.0,0.650307
474,2015-01-27,Quarter4,Sewing,Tuesday,6,0.8,30.4,338.0,3840,34,0,0,0,32.0,0.622828
475,2015-01-27,Quarter4,Finishing,Tuesday,6,0.8,2.9,,960,0,0,0,0,8.0,0.6225
476,2015-01-27,Quarter4,Sewing,Tuesday,5,0.5,20.79,1455.0,6960,30,0,0,0,58.0,0.500035
477,2015-01-27,Quarter4,Sewing,Tuesday,11,0.5,48.18,1282.0,6480,23,0,0,0,54.0,0.370467
478,2015-01-28,Quarter4,Sewing,Wednesday,2,0.8,22.52,1559.0,6840,90,0,0,0,57.0,1.00023
479,2015-01-28,Quarter4,Sewing,Wednesday,3,0.8,22.52,1350.0,6840,113,0,0,0,57.0,1.00023
480,2015-01-28,Quarter4,Finishing,Wednesday,6,0.35,2.9,,1800,0,0,0,0,15.0,0.977556
481,2015-01-28,Quarter4,Finishing,Wednesday,1,0.75,3.94,,1200,0,0,0,0,10.0,0.9456
482,2015-01-28,Quarter4,Finishing,Wednesday,2,0.8,3.94,,1800,0,0,0,0,15.0,0.902222
483,2015-01-28,Quarter4,Sewing,Wednesday,10,0.8,22.52,1175.0,6720,60,0,0,0,56.0,0.850532
484,2015-01-28,Quarter4,Sewing,Wednesday,1,0.75,22.94,1868.0,6960,81,0,0,0,58.0,0.850362
485,2015-01-28,Quarter4,Finishing,Wednesday,10,0.8,3.94,,1200,0,0,0,0,10.0,0.840533
486,2015-01-28,Quarter4,Sewing,Wednesday,5,0.6,20.79,1045.0,6960,88,0,0,0,58.0,0.800534
487,2015-01-28,Quarter4,Sewing,Wednesday,4,0.8,22.52,1342.0,6780,50,0,0,0,56.5,0.80049
488,2015-01-28,Quarter4,Finishing,Wednesday,12,0.75,4.08,,1080,0,0,0,0,9.0,0.755556
489,2015-01-28,Quarter4,Sewing,Wednesday,9,0.7,29.12,1340.0,6960,63,0,0,0,58.0,0.750593
490,2015-01-28,Quarter4,Sewing,Wednesday,12,0.75,15.26,1429.0,3600,45,0,0,0,35.0,0.750283
491,2015-01-28,Quarter4,Finishing,Wednesday,4,0.8,4.3,,1440,0,0,0,0,12.0,0.722639
492,2015-01-28,Quarter4,Finishing,Wednesday,8,0.65,4.15,,960,0,0,0,0,8.0,0.553333
493,2015-01-28,Quarter4,Sewing,Wednesday,11,0.5,20.1,1413.0,5880,46,0,0,0,54.0,0.500567
494,2015-01-28,Quarter4,Sewing,Wednesday,8,0.7,38.09,336.0,6240,0,0,0,0,52.0,0.467693
495,2015-01-28,Quarter4,Sewing,Wednesday,6,0.35,18.79,511.0,1800,23,0,0,0,32.0,0.437995
496,2015-01-28,Quarter4,Finishing,Wednesday,7,0.6,3.94,,960,0,0,0,0,8.0,0.406354
497,2015-01-28,Quarter4,Sewing,Wednesday,7,0.6,23.54,958.0,6600,0,0,0,0,55.0,0.285333
498,2015-01-28,Quarter4,Finishing,Wednesday,11,0.5,2.9,,960,0,0,0,0,8.0,0.259375
499,2015-01-29,Quarter5,Sewing,Thursday,2,0.8,22.52,1416.0,6840,113,0,0,0,57.0,1.00023
500,2015-01-29,Quarter5,Finishing,Thursday,4,0.8,4.3,,1200,0,0,0,0,10.0,0.989
501,2015-01-29,Quarter5,Sewing,Thursday,3,0.8,22.52,1287.0,6840,100,0,0,0,57.0,0.950186
502,2015-01-29,Quarter5,Sewing,Thursday,4,0.8,22.52,1444.0,6900,88,0,0,0,57.5,0.9008
503,2015-01-29,Quarter5,Sewing,Thursday,10,0.8,22.52,1088.0,6720,88,0,0,0,56.0,0.90013
504,2015-01-29,Quarter5,Finishing,Thursday,6,0.5,2.9,,1200,0,0,0,0,10.0,0.899
505,2015-01-29,Quarter5,Finishing,Thursday,8,0.65,4.15,,960,0,0,0,0,8.0,0.877552
506,2015-01-29,Quarter5,Finishing,Thursday,11,0.6,2.9,,960,0,0,0,0,8.0,0.864583
507,2015-01-29,Quarter5,Finishing,Thursday,10,0.8,3.94,,1200,0,0,0,0,10.0,0.85695
508,2015-01-29,Quarter5,Finishing,Thursday,1,0.75,3.94,,1200,0,0,0,0,10.0,0.853667
509,2015-01-29,Quarter5,Sewing,Thursday,1,0.75,22.94,1579.0,6960,81,0,0,0,58.0,0.850362
510,2015-01-29,Quarter5,Sewing,Thursday,9,0.7,29.12,1170.0,6960,53,0,0,0,58.0,0.85017
511,2015-01-29,Quarter5,Sewing,Thursday,5,0.65,20.79,1015.0,7080,81,0,0,0,59.0,0.800474
512,2015-01-29,Quarter5,Finishing,Thursday,2,0.8,3.94,,1200,0,0,0,0,10.0,0.773333
513,2015-01-29,Quarter5,Sewing,Thursday,12,0.75,15.26,1436.0,4200,45,0,0,0,35.0,0.750647
514,2015-01-29,Quarter5,Finishing,Thursday,12,0.75,4.08,,1080,0,0,0,0,9.0,0.634667
515,2015-01-29,Quarter5,Sewing,Thursday,11,0.6,20.1,1601.0,4320,46,0,0,0,51.0,0.600598
516,2015-01-29,Quarter5,Sewing,Thursday,6,0.5,18.79,717.0,3960,23,0,0,0,33.0,0.500118
517,2015-01-29,Quarter5,Finishing,Thursday,3,0.8,3.94,,960,0,0,0,0,8.0,0.4925
518,2015-01-29,Quarter5,Sewing,Thursday,7,0.65,23.54,830.0,6600,0,0,0,0,55.0,0.48792
519,2015-01-31,Quarter5,Sewing,Saturday,3,0.8,22.52,1136.0,6960,113,0,0,0,58.0,1.000458
520,2015-01-31,Quarter5,Sewing,Saturday,2,0.8,22.52,1397.0,6840,113,0,0,0,57.0,1.00023
521,2015-01-31,Quarter5,Finishing,Saturday,2,0.8,3.94,,1200,0,0,0,0,10.0,0.971867
522,2015-01-31,Quarter5,Finishing,Saturday,3,0.8,3.94,,960,0,0,0,0,8.0,0.971867
523,2015-01-31,Quarter5,Finishing,Saturday,4,0.8,3.94,,1200,0,0,0,0,10.0,0.971867
524,2015-01-31,Quarter5,Finishing,Saturday,10,0.8,3.94,,1200,0,0,0,0,10.0,0.971867
525,2015-01-31,Quarter5,Finishing,Saturday,1,0.75,3.94,,1800,0,0,0,0,15.0,0.971867
526,2015-01-31,Quarter5,Finishing,Saturday,9,0.75,3.94,,240,0,0,0,0,2.0,0.971867
527,2015-01-31,Quarter5,Finishing,Saturday,12,0.75,4.08,,1080,0,0,0,0,9.0,0.971867
528,2015-01-31,Quarter5,Finishing,Saturday,5,0.7,3.94,,240,0,0,0,0,2.0,0.971867
529,2015-01-31,Quarter5,Finishing,Saturday,7,0.7,3.94,,1200,0,0,0,0,10.0,0.971867
530,2015-01-31,Quarter5,Finishing,Saturday,8,0.65,3.94,,960,0,0,0,0,8.0,0.971867
531,2015-01-31,Quarter5,Finishing,Saturday,11,0.65,3.94,,600,0,0,0,0,5.0,0.971867
532,2015-01-31,Quarter5,Finishing,Saturday,6,0.6,3.94,,1200,0,0,0,0,10.0,0.971867
533,2015-01-31,Quarter5,Sewing,Saturday,10,0.8,22.52,1116.0,6720,93,0,0,0,56.0,0.920237
534,2015-01-31,Quarter5,Sewing,Saturday,4,0.8,22.52,1432.0,6660,88,0,0,0,57.5,0.900537
535,2015-01-31,Quarter5,Sewing,Saturday,9,0.75,29.12,1082.0,6840,81,0,0,0,57.0,0.850611
536,2015-01-31,Quarter5,Sewing,Saturday,1,0.75,22.94,1502.0,6960,81,0,0,0,58.0,0.850362
537,2015-01-31,Quarter5,Sewing,Saturday,12,0.75,15.26,1209.0,4200,45,0,0,0,35.0,0.750647
538,2015-01-31,Quarter5,Sewing,Saturday,5,0.7,50.89,282.0,5880,56,0,0,0,59.0,0.656764
539,2015-01-31,Quarter5,Sewing,Saturday,11,0.65,20.1,1417.0,6480,49,0,0,0,54.0,0.650148
540,2015-01-31,Quarter5,Sewing,Saturday,6,0.6,18.79,799.0,3960,23,0,0,0,33.0,0.600711
541,2015-01-31,Quarter5,Sewing,Saturday,7,0.7,23.54,1109.0,6720,0,0,0,0,56.0,0.38883
542,2015-01-31,Quarter5,Sewing,Saturday,8,0.5,23.54,1144.0,6480,0,0,0,0,54.0,0.286985
543,2015-02-01,Quarter1,Finishing,Sunday,8,0.65,4.15,,960,0,0,0,0,8.0,1.011562
544,2015-02-01,Quarter1,Sewing,Sunday,2,0.8,22.52,1396.0,6900,113,0,0,0,57.5,1.000671
545,2015-02-01,Quarter1,Sewing,Sunday,1,0.8,22.94,1582.0,3060,113,0,0,0,58.5,1.000402
546,2015-02-01,Quarter1,Finishing,Sunday,1,0.75,3.94,,2280,0,0,0,0,19.0,0.950439
547,2015-02-01,Quarter1,Sewing,Sunday,3,0.8,22.52,1124.0,6840,100,0,0,0,57.0,0.950186
548,2015-02-01,Quarter1,Finishing,Sunday,2,0.8,3.94,,1200,0,0,0,0,10.0,0.912767
549,2015-02-01,Quarter1,Finishing,Sunday,7,0.7,3.94,,2160,0,0,0,0,18.0,0.892194
550,2015-02-01,Quarter1,Finishing,Sunday,10,0.8,3.94,,1200,0,0,0,0,10.0,0.8865
551,2015-02-01,Quarter1,Sewing,Sunday,10,0.8,22.52,1282.0,6720,75,0,0,0,56.0,0.850532
552,2015-02-01,Quarter1,Sewing,Sunday,4,0.8,22.52,1472.0,7020,60,0,0,0,58.5,0.850114
553,2015-02-01,Quarter1,Finishing,Sunday,4,0.8,4.3,,1440,0,0,0,0,12.0,0.845069
554,2015-02-01,Quarter1,Sewing,Sunday,9,0.75,29.12,1282.0,6960,45,0,0,0,58.0,0.750593
555,2015-02-01,Quarter1,Sewing,Sunday,12,0.75,15.26,1276.0,1440,45,0,0,0,35.0,0.750451
556,2015-02-01,Quarter1,Finishing,Sunday,12,0.75,4.08,,1080,0,0,0,0,9.0,0.702667
557,2015-02-01,Quarter1,Sewing,Sunday,11,0.7,20.1,1192.0,6120,75,0,0,0,54.0,0.700509
558,2015-02-01,Quarter1,Sewing,Sunday,6,0.65,18.79,881.0,3960,26,0,0,0,33.0,0.651007
559,2015-02-01,Quarter1,Sewing,Sunday,8,0.6,24.26,1196.0,6600,0,0,0,0,55.0,0.466821
560,2015-02-01,Quarter1,Sewing,Sunday,7,0.7,24.26,1400.0,6720,0,0,0,0,56.0,0.411554
561,2015-02-01,Quarter1,Finishing,Sunday,6,0.6,2.9,,1200,0,0,0,0,10.0,0.314167
562,2015-02-02,Quarter1,Sewing,Monday,1,0.8,22.94,16882.0,7020,113,0,0,0,58.5,1.000602
563,2015-02-02,Quarter1,Finishing,Monday,9,0.75,3.94,,960,0,0,0,0,8.0,0.994271
564,2015-02-02,Quarter1,Sewing,Monday,2,0.8,22.52,21385.0,7020,88,0,0,0,58.5,0.900158
565,2015-02-02,Quarter1,Sewing,Monday,3,0.8,22.52,21266.0,6840,70,0,0,0,57.0,0.900142
566,2015-02-02,Quarter1,Sewing,Monday,10,0.8,22.52,21540.0,6720,88,0,0,0,56.0,0.90013
567,2015-02-02,Quarter1,Finishing,Monday,10,0.8,3.94,,1200,0,0,0,0,10.0,0.85695
568,2015-02-02,Quarter1,Finishing,Monday,4,0.8,4.3,,1440,0,0,0,0,12.0,0.809236
569,2015-02-02,Quarter1,Sewing,Monday,12,0.8,15.26,12261.0,3600,63,0,0,0,35.0,0.800402
570,2015-02-02,Quarter1,Sewing,Monday,4,0.8,22.52,23122.0,5940,50,0,0,0,56.5,0.800393
571,2015-02-02,Quarter1,Sewing,Monday,9,0.75,29.12,8992.0,6960,55,0,0,0,58.0,0.799963
572,2015-02-02,Quarter1,Finishing,Monday,12,0.75,4.08,,1080,0,0,0,0,9.0,0.740444
573,2015-02-02,Quarter1,Sewing,Monday,11,0.7,20.55,9792.0,6480,60,0,0,0,54.0,0.700398
574,2015-02-02,Quarter1,Sewing,Monday,6,0.7,18.79,2984.0,3960,30,0,0,0,33.0,0.700355
575,2015-02-02,Quarter1,Finishing,Monday,8,0.65,4.15,,960,0,0,0,0,8.0,0.561979
576,2015-02-02,Quarter1,Finishing,Monday,1,0.75,3.94,,2280,0,0,0,0,19.0,0.504596
577,2015-02-02,Quarter1,Sewing,Monday,5,0.5,30.1,839.0,6960,0,0,0,0,58.0,0.500802
578,2015-02-02,Quarter1,Sewing,Monday,7,0.7,24.26,2698.0,6720,0,0,0,0,56.0,0.295308
579,2015-02-02,Quarter1,Finishing,Monday,6,0.6,2.9,,1200,0,0,0,0,10.0,0.280333
580,2015-02-02,Quarter1,Sewing,Monday,8,0.65,24.26,1435.0,6600,0,0,0,0,55.0,0.260979
581,2015-02-03,Quarter1,Finishing,Tuesday,2,0.8,3.94,,2400,0,0,0,0,20.0,1.001417
582,2015-02-03,Quarter1,Sewing,Tuesday,1,0.8,22.52,1500.0,6900,113,0,0,0,57.5,1.000019
583,2015-02-03,Quarter1,Sewing,Tuesday,10,0.8,22.52,1188.0,6720,90,0,0,0,56.0,0.999995
584,2015-02-03,Quarter1,Finishing,Tuesday,1,0.8,3.94,,1200,0,0,0,0,10.0,0.99485
585,2015-02-03,Quarter1,Finishing,Tuesday,8,0.7,4.15,,960,0,0,0,0,8.0,0.976979
586,2015-02-03,Quarter1,Sewing,Tuesday,3,0.8,22.52,1112.0,6840,100,0,0,0,57.0,0.950186
587,2015-02-03,Quarter1,Sewing,Tuesday,2,0.8,22.52,1452.0,6960,100,0,0,0,58.0,0.949982
588,2015-02-03,Quarter1,Finishing,Tuesday,9,0.75,3.94,,1320,0,0,0,0,11.0,0.919955
589,2015-02-03,Quarter1,Sewing,Tuesday,4,0.8,22.52,340.0,5460,63,0,0,0,56.5,0.800435
590,2015-02-03,Quarter1,Sewing,Tuesday,12,0.8,15.26,1029.0,2040,50,0,0,0,35.0,0.800259
591,2015-02-03,Quarter1,Finishing,Tuesday,12,0.8,4.08,,1080,0,0,0,0,9.0,0.778222
592,2015-02-03,Quarter1,Sewing,Tuesday,9,0.75,29.12,1070.0,6960,34,0,0,0,58.0,0.750593
593,2015-02-03,Quarter1,Sewing,Tuesday,11,0.7,25.31,946.0,5760,60,0,0,0,54.0,0.700514
594,2015-02-03,Quarter1,Sewing,Tuesday,6,0.7,18.79,913.0,4020,30,0,0,0,33.5,0.700185
595,2015-02-03,Quarter1,Sewing,Tuesday,8,0.7,24.26,1363.0,6660,0,0,0,0,55.5,0.586465
596,2015-02-03,Quarter1,Sewing,Tuesday,7,0.7,24.26,1639.0,6720,0,0,0,0,56.0,0.541518
597,2015-02-03,Quarter1,Finishing,Tuesday,4,0.8,4.3,,1440,0,0,0,0,12.0,0.5375
598,2015-02-03,Quarter1,Finishing,Tuesday,6,0.7,2.9,,960,0,0,0,0,8.0,0.495417
599,2015-02-03,Quarter1,Sewing,Tuesday,5,0.6,30.1,415.0,6960,0,0,0,0,58.0,0.415172
600,2015-02-04,Quarter1,Sewing,Wednesday,2,0.8,22.52,1263.0,6900,100,0,0,0,57.5,1.050281
601,2015-02-04,Quarter1,Sewing,Wednesday,3,0.8,22.52,968.0,6840,113,0,0,0,57.0,1.00023
602,2015-02-04,Quarter1,Sewing,Wednesday,10,0.8,22.52,1108.0,6720,113,0,0,0,56.0,0.999995
603,2015-02-04,Quarter1,Finishing,Wednesday,2,0.8,3.94,,2160,0,0,0,0,18.0,0.966759
604,2015-02-04,Quarter1,Finishing,Wednesday,1,0.8,3.94,,1200,0,0,0,0,10.0,0.929183
605,2015-02-04,Quarter1,Finishing,Wednesday,8,0.7,4.15,,3000,0,0,0,0,25.0,0.915767
606,2015-02-04,Quarter1,Sewing,Wednesday,1,0.8,22.52,1532.0,6900,88,0,0,0,57.5,0.900147
607,2015-02-04,Quarter1,Sewing,Wednesday,12,0.8,15.26,1094.0,4080,38,0,0,0,34.0,0.800402
608,2015-02-04,Quarter1,Sewing,Wednesday,9,0.8,22.52,1086.0,6960,50,0,0,0,58.0,0.799963
609,2015-02-04,Quarter1,Finishing,Wednesday,7,0.7,3.94,,960,0,0,0,0,8.0,0.779792
610,2015-02-04,Quarter1,Finishing,Wednesday,9,0.75,3.94,,960,0,0,0,0,8.0,0.755167
611,2015-02-04,Quarter1,Sewing,Wednesday,6,0.7,18.79,941.0,3360,30,0,0,0,33.0,0.70071
612,2015-02-04,Quarter1,Sewing,Wednesday,7,0.7,24.26,1471.0,6960,0,0,0,0,58.0,0.700612
613,2015-02-04,Quarter1,Sewing,Wednesday,11,0.7,10.05,1042.0,6120,60,0,0,0,53.0,0.700279
614,2015-02-04,Quarter1,Sewing,Wednesday,8,0.7,29.12,1248.0,6840,0,0,0,0,57.0,0.700135
615,2015-02-04,Quarter1,Finishing,Wednesday,12,0.8,4.08,,1080,0,0,0,0,9.0,0.687556
616,2015-02-04,Quarter1,Sewing,Wednesday,5,0.65,30.1,326.0,5820,0,90,10,0,58.5,0.650835
617,2015-02-04,Quarter1,Finishing,Wednesday,6,0.7,2.9,,960,0,0,0,0,8.0,0.531667
618,2015-02-04,Quarter1,Sewing,Wednesday,4,0.35,30.1,287.0,6060,23,150,15,0,55.5,0.350706
619,2015-02-05,Quarter1,Sewing,Thursday,2,0.8,22.52,1300.0,6780,113,0,0,0,56.5,1.000446
620,2015-02-05,Quarter1,Sewing,Thursday,1,0.8,22.52,1485.0,6900,113,0,0,0,57.5,1.000019
621,2015-02-05,Quarter1,Sewing,Thursday,10,0.8,22.52,1039.0,6720,113,0,0,0,56.0,0.999995
622,2015-02-05,Quarter1,Finishing,Thursday,2,0.8,3.94,,2640,0,0,0,0,22.0,0.999924
623,2015-02-05,Quarter1,Sewing,Thursday,3,0.8,22.52,1063.0,6840,100,0,0,0,57.0,0.950186
624,2015-02-05,Quarter1,Finishing,Thursday,6,0.7,2.9,,960,0,0,0,0,8.0,0.9425
625,2015-02-05,Quarter1,Finishing,Thursday,12,0.8,4.08,,1080,0,0,0,0,9.0,0.906667
626,2015-02-05,Quarter1,Finishing,Thursday,7,0.7,3.94,,1200,0,0,0,0,10.0,0.8471
627,2015-02-05,Quarter1,Finishing,Thursday,1,0.8,3.94,,1440,0,0,0,0,12.0,0.845458
628,2015-02-05,Quarter1,Sewing,Thursday,12,0.8,15.26,1083.0,720,38,0,0,0,34.0,0.800613
629,2015-02-05,Quarter1,Sewing,Thursday,9,0.8,29.12,1069.0,6960,50,0,0,0,58.0,0.799963
630,2015-02-05,Quarter1,Finishing,Thursday,10,0.8,3.94,,960,0,0,0,0,8.0,0.771583
631,2015-02-05,Quarter1,Sewing,Thursday,11,0.75,10.05,668.0,2520,34,0,0,0,26.0,0.7504
632,2015-02-05,Quarter1,Sewing,Thursday,6,0.7,18.79,766.0,2760,30,0,0,0,33.0,0.700079
633,2015-02-05,Quarter1,Sewing,Thursday,5,0.7,30.1,557.0,6960,0,0,0,0,58.0,0.562213
634,2015-02-05,Quarter1,Sewing,Thursday,7,0.07,24.26,1608.0,6960,0,0,0,0,58.0,0.522845
635,2015-02-05,Quarter1,Sewing,Thursday,4,0.5,30.1,417.0,6360,23,0,0,1,53.0,0.50072
636,2015-02-05,Quarter1,Sewing,Thursday,8,0.7,24.26,1167.0,6840,0,0,0,0,57.0,0.49655
637,2015-02-07,Quarter1,Finishing,Saturday,2,0.8,3.94,,3000,0,0,0,0,25.0,1.050667
638,2015-02-07,Quarter1,Sewing,Saturday,2,0.8,22.52,1186.0,6900,113,0,0,0,58.0,1.000019
639,2015-02-07,Quarter1,Sewing,Saturday,3,0.8,22.52,1060.0,6840,100,0,0,0,57.0,0.950186
640,2015-02-07,Quarter1,Sewing,Saturday,1,0.8,22.52,1534.0,6780,88,0,0,0,57.0,0.900136
641,2015-02-07,Quarter1,Sewing,Saturday,10,0.8,22.52,1142.0,6720,88,0,0,0,56.0,0.90013
642,2015-02-07,Quarter1,Finishing,Saturday,12,0.8,4.08,,1080,0,0,0,0,9.0,0.899111
643,2015-02-07,Quarter1,Finishing,Saturday,1,0.8,3.94,,1200,0,0,0,0,10.0,0.870083
644,2015-02-07,Quarter1,Finishing,Saturday,6,0.75,2.9,,960,0,0,0,0,8.0,0.845833
645,2015-02-07,Quarter1,Sewing,Saturday,12,0.8,15.26,1021.0,4080,63,0,0,0,34.0,0.800402
646,2015-02-07,Quarter1,Sewing,Saturday,9,0.8,29.12,829.0,6960,50,0,0,0,58.0,0.799963
647,2015-02-07,Quarter1,Finishing,Saturday,9,0.8,3.94,,960,0,0,0,0,8.0,0.771583
648,2015-02-07,Quarter1,Sewing,Saturday,6,0.75,18.79,813.0,1560,34,0,0,0,33.0,0.75052
649,2015-02-07,Quarter1,Sewing,Saturday,11,0.75,10.05,677.0,3240,45,0,0,0,27.0,0.750028
650,2015-02-07,Quarter1,Finishing,Saturday,7,0.7,3.94,,1200,0,0,0,0,10.0,0.715767
651,2015-02-07,Quarter1,Sewing,Saturday,7,0.7,24.26,658.0,6960,0,270,45,0,58.0,0.66227
652,2015-02-07,Quarter1,Sewing,Saturday,4,0.6,30.1,486.0,6780,30,0,0,1,57.0,0.600224
653,2015-02-07,Quarter1,Sewing,Saturday,5,0.7,30.1,687.0,7500,0,0,0,0,59.0,0.545658
654,2015-02-07,Quarter1,Finishing,Saturday,4,0.8,4.3,,960,0,0,0,0,8.0,0.447917
655,2015-02-07,Quarter1,Sewing,Saturday,8,0.7,24.26,652.0,6840,0,300,37,0,57.0,0.365319
656,2015-02-08,Quarter2,Sewing,Sunday,2,0.8,22.52,1233.0,6900,113,0,0,0,57.5,1.000019
657,2015-02-08,Quarter2,Finishing,Sunday,7,0.7,4.15,,1440,0,0,0,0,12.0,0.928681
658,2015-02-08,Quarter2,Sewing,Sunday,10,0.8,22.52,1388.0,6720,88,0,0,0,56.0,0.9008
659,2015-02-08,Quarter2,Sewing,Sunday,1,0.8,22.52,1615.0,6780,88,0,0,0,56.5,0.900136
660,2015-02-08,Quarter2,Sewing,Sunday,3,0.8,22.52,1283.0,6720,88,0,0,0,56.0,0.90013
661,2015-02-08,Quarter2,Finishing,Sunday,1,0.8,3.94,,1200,0,0,0,0,10.0,0.893067
662,2015-02-08,Quarter2,Finishing,Sunday,12,0.8,4.08,,1080,0,0,0,0,9.0,0.891556
663,2015-02-08,Quarter2,Finishing,Sunday,2,0.8,3.94,,2160,0,0,0,0,18.0,0.875556
664,2015-02-08,Quarter2,Finishing,Sunday,8,0.7,4.15,,1800,0,0,0,0,15.0,0.840889
665,2015-02-08,Quarter2,Sewing,Sunday,12,0.8,15.26,1026.0,2880,63,0,0,0,34.0,0.800355
666,2015-02-08,Quarter2,Sewing,Sunday,9,0.8,29.12,909.0,6960,50,0,0,0,58.0,0.799963
667,2015-02-08,Quarter2,Sewing,Sunday,6,0.75,18.79,670.0,3960,34,0,0,0,33.0,0.750651
668,2015-02-08,Quarter2,Sewing,Sunday,11,0.75,10.05,629.0,3240,45,0,0,0,27.0,0.750028
669,2015-02-08,Quarter2,Sewing,Sunday,5,0.7,30.1,754.0,7020,0,0,0,0,58.5,0.700618
670,2015-02-08,Quarter2,Finishing,Sunday,6,0.75,2.9,,960,0,0,0,0,8.0,0.610208
671,2015-02-08,Quarter2,Finishing,Sunday,9,0.8,3.94,,960,0,0,0,0,8.0,0.607417
672,2015-02-08,Quarter2,Sewing,Sunday,4,0.65,30.1,712.0,6780,44,0,0,1,56.5,0.56826
673,2015-02-08,Quarter2,Sewing,Sunday,7,0.7,24.26,148.0,6960,0,0,0,0,58.0,0.355534
674,2015-02-08,Quarter2,Sewing,Sunday,8,0.7,24.26,154.0,6840,0,0,0,0,57.0,0.35326
675,2015-02-09,Quarter2,Finishing,Monday,2,0.8,3.94,,2160,0,0,0,0,18.0,1.057963
676,2015-02-09,Quarter2,Finishing,Monday,1,0.8,3.94,,1200,0,0,0,0,10.0,0.962017
677,2015-02-09,Quarter2,Sewing,Monday,10,0.8,22.52,1127.0,120,88,0,0,0,56.0,0.9008
678,2015-02-09,Quarter2,Sewing,Monday,1,0.8,22.52,1506.0,3600,70,0,0,0,57.0,0.900509
679,2015-02-09,Quarter2,Sewing,Monday,2,0.8,22.52,1413.0,360,70,0,0,0,57.0,0.900478
680,2015-02-09,Quarter2,Finishing,Monday,6,0.75,2.9,,960,0,0,0,0,8.0,0.888125
681,2015-02-09,Quarter2,Sewing,Monday,12,0.8,15.26,970.0,4080,63,0,0,0,34.0,0.800402
682,2015-02-09,Quarter2,Sewing,Monday,3,0.8,22.52,1271.0,5400,50,0,0,0,57.0,0.800161
683,2015-02-09,Quarter2,Sewing,Monday,9,0.8,29.12,1073.0,6960,50,0,0,0,58.0,0.799963
684,2015-02-09,Quarter2,Sewing,Monday,4,0.7,30.1,767.0,3300,50,0,0,1,57.0,0.790003
685,2015-02-09,Quarter2,Sewing,Monday,11,0.75,10.05,103.0,0,45,0,0,0,54.0,0.750648
686,2015-02-09,Quarter2,Finishing,Monday,8,0.35,4.15,,1800,0,0,0,0,15.0,0.707111
687,2015-02-09,Quarter2,Sewing,Monday,5,0.7,30.1,773.0,7020,40,0,0,0,58.0,0.700618
688,2015-02-09,Quarter2,Finishing,Monday,9,0.8,3.94,,960,0,0,0,0,8.0,0.697708
689,2015-02-09,Quarter2,Sewing,Monday,6,0.75,18.79,708.0,4080,0,0,0,0,34.0,0.612517
690,2015-02-09,Quarter2,Sewing,Monday,7,0.35,30.1,842.0,6960,0,0,0,1,58.0,0.350302
691,2015-02-09,Quarter2,Sewing,Monday,8,0.35,30.1,901.0,6960,0,0,0,1,58.0,0.350302
692,2015-02-09,Quarter2,Finishing,Monday,12,0.8,4.08,,1080,0,0,0,0,9.0,0.272
693,2015-02-10,Quarter2,Finishing,Tuesday,12,0.8,4.08,,1080,0,0,0,0,9.0,1.004889
694,2015-02-10,Quarter2,Finishing,Tuesday,2,0.8,3.94,,2160,0,0,0,0,18.0,0.966759
695,2015-02-10,Quarter2,Sewing,Tuesday,10,0.8,22.52,1268.0,0,88,0,0,0,56.0,0.900632
696,2015-02-10,Quarter2,Sewing,Tuesday,1,0.8,22.52,1546.0,0,88,0,0,0,57.0,0.900471
697,2015-02-10,Quarter2,Sewing,Tuesday,3,0.8,22.52,813.0,0,88,0,0,0,57.0,0.900471
698,2015-02-10,Quarter2,Sewing,Tuesday,2,0.8,22.52,1512.0,0,88,0,0,0,57.0,0.899984
699,2015-02-10,Quarter2,Finishing,Tuesday,1,0.8,3.94,,1440,0,0,0,0,12.0,0.853667
700,2015-02-10,Quarter2,Sewing,Tuesday,9,0.8,29.12,1263.0,2160,38,0,0,0,58.0,0.8008
701,2015-02-10,Quarter2,Sewing,Tuesday,12,0.8,15.26,900.0,4080,50,0,0,0,34.0,0.800402
702,2015-02-10,Quarter2,Finishing,Tuesday,4,0.7,4.15,,1800,0,0,0,0,15.0,0.796756
703,2015-02-10,Quarter2,Sewing,Tuesday,6,0.75,18.79,640.0,2400,0,0,0,0,34.0,0.750797
704,2015-02-10,Quarter2,Sewing,Tuesday,11,0.8,10.05,13.0,3240,34,0,0,0,54.0,0.750648
705,2015-02-10,Quarter2,Sewing,Tuesday,5,0.75,30.1,855.0,7020,45,0,0,0,58.0,0.750356
706,2015-02-10,Quarter2,Finishing,Tuesday,8,0.35,4.15,,960,0,0,0,0,8.0,0.703771
707,2015-02-10,Quarter2,Sewing,Tuesday,4,0.7,30.1,855.0,7020,40,0,0,1,58.0,0.700618
708,2015-02-10,Quarter2,Finishing,Tuesday,9,0.8,3.94,,960,0,0,0,0,8.0,0.6895
709,2015-02-10,Quarter2,Finishing,Tuesday,6,0.75,2.9,,960,0,0,0,0,8.0,0.628333
710,2015-02-10,Quarter2,Sewing,Tuesday,7,0.5,30.1,1025.0,6960,23,0,0,1,58.0,0.500802
711,2015-02-10,Quarter2,Sewing,Tuesday,8,0.5,30.1,1061.0,6960,30,0,0,1,58.0,0.393549
712,2015-02-11,Quarter2,Finishing,Wednesday,4,0.7,4.15,,1800,0,0,0,0,15.0,1.033156
713,2015-02-11,Quarter2,Finishing,Wednesday,12,0.8,4.08,,1080,0,0,0,0,9.0,1.02
714,2015-02-11,Quarter2,Sewing,Wednesday,2,0.8,22.52,1557.0,0,90,0,0,0,57.5,1.000345
715,2015-02-11,Quarter2,Sewing,Wednesday,1,0.8,22.52,1498.0,0,113,0,0,0,57.0,1.000066
716,2015-02-11,Quarter2,Finishing,Wednesday,8,0.35,4.15,,1440,0,0,0,0,12.0,0.994375
717,2015-02-11,Quarter2,Finishing,Wednesday,2,0.8,3.94,,2160,0,0,0,0,18.0,0.912037
718,2015-02-11,Quarter2,Finishing,Wednesday,5,0.7,4.15,,240,0,0,0,0,2.0,0.87
719,2015-02-11,Quarter2,Sewing,Wednesday,10,0.8,22.52,598.0,0,75,0,0,0,56.0,0.850365
720,2015-02-11,Quarter2,Sewing,Wednesday,6,0.8,18.79,656.0,3480,38,0,0,0,34.0,0.800947
721,2015-02-11,Quarter2,Sewing,Wednesday,12,0.8,15.26,854.0,4080,50,0,0,0,34.0,0.800402
722,2015-02-11,Quarter2,Sewing,Wednesday,9,0.8,29.12,609.0,3240,50,0,0,0,58.0,0.800144
723,2015-02-11,Quarter2,Sewing,Wednesday,5,0.75,30.1,788.0,7380,56,0,0,0,59.5,0.750406
724,2015-02-11,Quarter2,Sewing,Wednesday,8,0.6,30.1,1069.0,4560,30,0,0,1,58.0,0.71441
725,2015-02-11,Quarter2,Sewing,Wednesday,4,0.7,30.1,667.0,5940,40,0,0,1,59.5,0.700588
726,2015-02-11,Quarter2,Finishing,Wednesday,1,0.8,3.94,,1440,0,0,0,0,12.0,0.618361
727,2015-02-11,Quarter2,Sewing,Wednesday,7,0.6,30.1,829.0,3360,23,0,0,1,58.0,0.600071
728,2015-02-11,Quarter2,Finishing,Wednesday,9,0.8,3.94,,960,0,0,0,0,8.0,0.54175
729,2015-02-11,Quarter2,Sewing,Wednesday,3,0.8,22.52,11.0,6840,0,0,0,1,57.0,0.536902
730,2015-02-11,Quarter2,Sewing,Wednesday,11,0.35,11.41,434.0,3240,0,0,0,1,52.0,0.507903
731,2015-02-12,Quarter2,Sewing,Thursday,1,0.8,22.52,1397.0,0,138,0,0,0,57.0,1.100484
732,2015-02-12,Quarter2,Finishing,Thursday,4,0.7,4.15,,1800,0,0,0,0,15.0,1.096633
733,2015-02-12,Quarter2,Sewing,Thursday,2,0.8,22.52,1327.0,0,113,0,0,0,57.5,1.000345
734,2015-02-12,Quarter2,Finishing,Thursday,12,0.8,4.08,,1080,0,0,0,0,9.0,0.838667
735,2015-02-12,Quarter2,Sewing,Thursday,12,0.8,15.26,894.0,4080,50,0,0,0,34.0,0.800402
736,2015-02-12,Quarter2,Finishing,Thursday,8,0.35,4.15,,1440,0,0,0,0,12.0,0.755486
737,2015-02-12,Quarter2,Sewing,Thursday,5,0.75,30.1,610.0,7080,56,0,0,0,59.0,0.750799
738,2015-02-12,Quarter2,Sewing,Thursday,6,0.8,18.79,779.0,3960,0,0,0,0,33.0,0.688018
739,2015-02-12,Quarter2,Finishing,Thursday,1,0.8,3.94,,1440,0,0,0,0,12.0,0.664875
740,2015-02-12,Quarter2,Finishing,Thursday,9,0.8,3.94,,960,0,0,0,0,8.0,0.656667
741,2015-02-12,Quarter2,Sewing,Thursday,4,0.7,30.1,419.0,7080,0,0,0,1,59.0,0.637712
742,2015-02-12,Quarter2,Finishing,Thursday,2,0.8,3.94,,2160,0,0,0,0,18.0,0.601944
743,2015-02-12,Quarter2,Finishing,Thursday,5,0.7,4.15,,240,0,0,0,0,2.0,0.58
744,2015-02-12,Quarter2,Sewing,Thursday,7,0.65,30.1,909.0,7080,0,0,0,1,59.0,0.535678
745,2015-02-12,Quarter2,Sewing,Thursday,11,0.5,11.41,1039.0,2280,0,0,0,2,55.0,0.500123
746,2015-02-12,Quarter2,Sewing,Thursday,9,0.8,29.12,14.0,6960,0,0,0,0,58.0,0.497885
747,2015-02-12,Quarter2,Sewing,Thursday,8,0.65,30.1,1193.0,7080,0,0,0,1,59.0,0.463404
748,2015-02-12,Quarter2,Sewing,Thursday,10,0.8,22.52,10.0,6000,0,0,0,0,50.0,0.441392
749,2015-02-12,Quarter2,Sewing,Thursday,3,0.35,30.1,770.0,6960,0,0,0,1,58.0,0.350302
750,2015-02-14,Quarter2,Sewing,Saturday,1,0.8,22.52,1416.0,6840,113,0,0,0,57.0,1.00023
751,2015-02-14,Quarter2,Finishing,Saturday,7,0.7,4.15,,1800,0,0,0,0,15.0,0.929278
752,2015-02-14,Quarter2,Finishing,Saturday,4,0.75,4.15,,2400,0,0,0,0,20.0,0.902917
753,2015-02-14,Quarter2,Finishing,Saturday,12,0.8,4.08,,1080,0,0,0,0,9.0,0.800889
754,2015-02-14,Quarter2,Sewing,Saturday,12,0.8,15.26,942.0,4080,63,0,0,0,34.0,0.800402
755,2015-02-14,Quarter2,Sewing,Saturday,2,0.8,22.52,674.0,3660,63,0,0,0,57.0,0.800375
756,2015-02-14,Quarter2,Finishing,Saturday,1,0.8,3.94,,1440,0,0,0,0,12.0,0.796208
757,2015-02-14,Quarter2,Sewing,Saturday,4,0.75,30.1,481.0,7140,0,0,0,1,59.0,0.750392
758,2015-02-14,Quarter2,Sewing,Saturday,5,0.75,30.1,664.0,7140,56,0,0,0,59.0,0.750392
759,2015-02-14,Quarter2,Finishing,Saturday,8,0.7,4.15,,960,0,0,0,0,8.0,0.725625
760,2015-02-14,Quarter2,Sewing,Saturday,8,0.7,30.1,824.0,5160,0,0,0,1,60.0,0.700206
761,2015-02-14,Quarter2,Sewing,Saturday,7,0.7,30.1,957.0,7200,0,0,0,1,60.0,0.602
762,2015-02-14,Quarter2,Sewing,Saturday,11,0.6,11.41,1039.0,2280,23,0,0,2,55.0,0.600448
763,2015-02-14,Quarter2,Sewing,Saturday,6,0.8,18.79,822.0,4080,0,0,0,0,34.0,0.557252
764,2015-02-14,Quarter2,Sewing,Saturday,3,0.5,30.1,1261.0,6960,30,0,0,1,58.0,0.500802
765,2015-02-14,Quarter2,Finishing,Saturday,6,0.8,2.9,,960,0,0,0,0,8.0,0.483333
766,2015-02-14,Quarter2,Finishing,Saturday,9,0.8,3.94,,960,0,0,0,0,8.0,0.238042
767,2015-02-15,Quarter3,Finishing,Sunday,1,0.8,3.94,,960,0,0,0,0,8.0,1.120438
768,2015-02-15,Quarter3,Finishing,Sunday,2,0.8,3.94,,960,0,0,0,0,8.0,1.108125
769,2015-02-15,Quarter3,Sewing,Sunday,1,0.8,22.52,1420.0,6840,113,0,0,0,57.0,1.00023
770,2015-02-15,Quarter3,Finishing,Sunday,12,0.8,4.08,,1080,0,0,0,0,9.0,0.876444
771,2015-02-15,Quarter3,Sewing,Sunday,12,0.8,15.26,1120.0,1440,50,0,0,0,34.0,0.800806
772,2015-02-15,Quarter3,Finishing,Sunday,5,0.75,4.15,,240,0,0,0,0,2.0,0.760833
773,2015-02-15,Quarter3,Sewing,Sunday,5,0.8,30.1,679.0,7140,0,0,0,0,59.5,0.722569
774,2015-02-15,Quarter3,Finishing,Sunday,11,0.6,2.9,,1200,0,0,0,0,10.0,0.715333
775,2015-02-15,Quarter3,Sewing,Sunday,7,0.7,30.1,881.0,7080,0,0,0,1,59.0,0.700633
776,2015-02-15,Quarter3,Sewing,Sunday,8,0.7,30.1,507.0,5880,40,2,10,1,59.0,0.700573
777,2015-02-15,Quarter3,Sewing,Sunday,6,0.75,18.79,814.0,4080,0,0,0,0,34.0,0.681598
778,2015-02-15,Quarter3,Sewing,Sunday,11,0.65,11.41,700.0,2640,23,0,0,2,53.0,0.650224
779,2015-02-15,Quarter3,Finishing,Sunday,8,0.7,4.15,,960,0,0,0,0,8.0,0.605208
780,2015-02-15,Quarter3,Finishing,Sunday,6,0.8,2.9,,960,0,0,0,0,8.0,0.604167
781,2015-02-15,Quarter3,Sewing,Sunday,4,0.75,30.1,919.0,7140,0,0,0,1,59.5,0.598627
782,2015-02-15,Quarter3,Sewing,Sunday,3,0.6,30.1,1361.0,6960,30,0,0,1,58.0,0.475718
783,2015-02-15,Quarter3,Sewing,Sunday,2,0.8,22.52,12.0,6900,0,0,0,0,57.5,0.432123
784,2015-02-15,Quarter3,Finishing,Sunday,4,0.75,4.15,,2400,0,0,0,0,20.0,0.287042
785,2015-02-15,Quarter3,Sewing,Sunday,9,0.5,18.79,1688.0,5280,0,0,0,1,54.0,0.283055
786,2015-02-16,Quarter3,Sewing,Monday,1,0.8,22.52,1422.0,6840,113,0,0,0,57.0,1.00023
787,2015-02-16,Quarter3,Finishing,Monday,9,0.8,3.94,,1200,0,0,0,0,10.0,0.960433
788,2015-02-16,Quarter3,Finishing,Monday,12,0.8,4.08,,1080,0,0,0,0,9.0,0.891556
789,2015-02-16,Quarter3,Finishing,Monday,3,0.5,4.15,,960,0,0,0,0,8.0,0.864583
790,2015-02-16,Quarter3,Sewing,Monday,3,0.65,30.1,1263.0,600,63,0,0,1,58.0,0.802243
791,2015-02-16,Quarter3,Sewing,Monday,5,0.8,30.1,461.0,0,0,0,0,0,59.0,0.80098
792,2015-02-16,Quarter3,Sewing,Monday,12,0.8,15.26,1079.0,3720,38,0,0,0,34.0,0.800312
793,2015-02-16,Quarter3,Finishing,Monday,6,0.8,2.9,,960,0,0,0,0,8.0,0.773333
794,2015-02-16,Quarter3,Sewing,Monday,6,0.75,18.79,895.0,3960,0,0,0,0,33.0,0.750651
795,2015-02-16,Quarter3,Sewing,Monday,4,0.75,30.1,912.0,7020,0,0,0,1,58.0,0.750356
796,2015-02-16,Quarter3,Finishing,Monday,4,0.75,4.15,,1800,0,0,0,0,15.0,0.722333
797,2015-02-16,Quarter3,Sewing,Monday,7,0.7,30.1,784.0,600,30,0,0,1,59.0,0.70046
798,2015-02-16,Quarter3,Finishing,Monday,5,0.75,4.15,,1200,0,0,0,0,10.0,0.629417
799,2015-02-16,Quarter3,Sewing,Monday,8,0.7,30.1,7.0,7080,27,2,10,2,59.0,0.621972
800,2015-02-16,Quarter3,Sewing,Monday,11,0.7,11.41,680.0,2160,30,0,0,2,54.0,0.565972
801,2015-02-16,Quarter3,Sewing,Monday,10,0.6,18.22,1131.0,5280,0,0,0,1,44.0,0.355428
802,2015-02-16,Quarter3,Sewing,Monday,9,0.6,18.79,2103.0,5400,0,0,0,1,54.0,0.329965
803,2015-02-16,Quarter3,Finishing,Monday,7,0.7,4.15,,1800,0,0,0,0,15.0,0.258
804,2015-02-17,Quarter3,Sewing,Tuesday,1,0.8,22.52,1445.0,6840,113,0,0,0,57.0,1.00023
805,2015-02-17,Quarter3,Finishing,Tuesday,10,0.8,3.94,,960,0,0,0,0,8.0,0.927542
806,2015-02-17,Quarter3,Finishing,Tuesday,7,0.7,5.13,,1200,0,0,0,0,10.0,0.91375
807,2015-02-17,Quarter3,Finishing,Tuesday,12,0.8,5.13,,1080,0,0,0,0,9.0,0.9025
808,2015-02-17,Quarter3,Sewing,Tuesday,12,0.8,15.26,1133.0,4080,38,0,0,0,34.0,0.800402
809,2015-02-17,Quarter3,Finishing,Tuesday,3,0.5,5.13,,1800,0,0,0,0,15.0,0.7866
810,2015-02-17,Quarter3,Sewing,Tuesday,6,0.75,18.79,726.0,3360,0,0,0,0,33.0,0.750621
811,2015-02-17,Quarter3,Sewing,Tuesday,4,0.75,30.1,849.0,7020,45,0,0,1,58.0,0.750356
812,2015-02-17,Quarter3,Finishing,Tuesday,6,0.8,2.9,,960,0,0,0,0,8.0,0.749167
813,2015-02-17,Quarter3,Sewing,Tuesday,7,0.7,30.1,562.0,840,30,0,0,1,59.0,0.700888
814,2015-02-17,Quarter3,Sewing,Tuesday,11,0.7,11.41,1054.0,3420,30,0,0,2,56.0,0.700614
815,2015-02-17,Quarter3,Sewing,Tuesday,3,0.7,30.1,1422.0,6960,50,0,0,1,58.0,0.700603
816,2015-02-17,Quarter3,Finishing,Tuesday,4,0.75,5.13,,960,0,0,0,0,8.0,0.656667
817,2015-02-17,Quarter3,Sewing,Tuesday,5,0.8,30.1,680.0,7140,0,0,0,0,59.0,0.653431
818,2015-02-17,Quarter3,Sewing,Tuesday,9,0.65,18.79,2120.0,5520,0,0,0,1,51.0,0.650134
819,2015-02-17,Quarter3,Sewing,Tuesday,8,0.6,29.4,179.0,0,23,5,30,2,58.0,0.600983
820,2015-02-17,Quarter3,Finishing,Tuesday,9,0.8,3.94,,960,0,0,0,0,8.0,0.586042
821,2015-02-17,Quarter3,Finishing,Tuesday,2,0.8,5.13,,1800,0,0,0,0,15.0,0.5814
822,2015-02-17,Quarter3,Sewing,Tuesday,2,0.5,30.33,838.0,6720,0,0,0,1,56.0,0.361071
823,2015-02-17,Quarter3,Sewing,Tuesday,10,0.65,18.22,741.0,0,0,8,35,1,49.0,0.302117
824,2015-02-18,Quarter3,Finishing,Wednesday,12,0.8,5.13,,1200,0,0,0,0,10.0,0.9918
825,2015-02-18,Quarter3,Finishing,Wednesday,6,0.8,2.9,,1440,0,0,0,0,12.0,0.936861
826,2015-02-18,Quarter3,Finishing,Wednesday,2,0.8,5.13,,1440,0,0,0,0,12.0,0.919125
827,2015-02-18,Quarter3,Sewing,Wednesday,11,0.7,11.41,685.0,3360,30,0,0,2,56.0,0.821113
828,2015-02-18,Quarter3,Sewing,Wednesday,4,0.8,30.1,864.0,480,50,0,0,1,58.0,0.80098
829,2015-02-18,Quarter3,Sewing,Wednesday,5,0.8,30.1,511.0,0,0,0,0,0,59.0,0.80098
830,2015-02-18,Quarter3,Sewing,Wednesday,12,0.8,15.26,1095.0,4080,63,0,0,0,34.0,0.800402
831,2015-02-18,Quarter3,Sewing,Wednesday,1,0.8,22.52,1374.0,3960,63,0,0,0,57.0,0.80028
832,2015-02-18,Quarter3,Sewing,Wednesday,6,0.75,18.79,759.0,3960,34,0,0,0,33.0,0.750651
833,2015-02-18,Quarter3,Sewing,Wednesday,7,0.75,30.1,553.0,2280,45,0,0,1,59.0,0.750533
834,2015-02-18,Quarter3,Finishing,Wednesday,4,0.75,5.13,,960,0,0,0,0,8.0,0.734646
835,2015-02-18,Quarter3,Sewing,Wednesday,3,0.7,30.1,1057.0,0,40,0,0,1,58.0,0.700603
836,2015-02-18,Quarter3,Sewing,Wednesday,9,0.7,18.79,1587.0,4560,30,0,0,1,51.0,0.700096
837,2015-02-18,Quarter3,Finishing,Wednesday,7,0.7,5.13,,960,0,0,0,0,8.0,0.671875
838,2015-02-18,Quarter3,Finishing,Wednesday,10,0.8,3.94,,960,0,0,0,0,8.0,0.64025
839,2015-02-18,Quarter3,Finishing,Wednesday,8,0.7,5.13,,960,0,0,0,0,8.0,0.58
840,2015-02-18,Quarter3,Finishing,Wednesday,9,0.8,3.94,,960,0,0,0,0,8.0,0.549792
841,2015-02-18,Quarter3,Sewing,Wednesday,2,0.6,30.33,868.0,6840,0,0,0,1,57.0,0.328132
842,2015-02-18,Quarter3,Sewing,Wednesday,10,0.7,19.68,1119.0,5640,0,8,35,1,47.0,0.303574
843,2015-02-18,Quarter3,Finishing,Wednesday,3,0.5,5.13,,960,0,0,0,0,8.0,0.2565
844,2015-02-18,Quarter3,Sewing,Wednesday,8,0.65,29.4,962.0,4560,0,4,30,2,57.0,0.251399
845,2015-02-19,Quarter3,Finishing,Thursday,3,0.5,5.13,,2880,0,0,0,0,12.0,0.816406
846,2015-02-19,Quarter3,Sewing,Thursday,12,0.8,15.26,1126.0,1080,38,0,0,0,34.0,0.800712
847,2015-02-19,Quarter3,Sewing,Thursday,1,0.8,22.52,265.0,3840,63,0,0,0,57.0,0.800471
848,2015-02-19,Quarter3,Sewing,Thursday,4,0.8,30.1,859.0,7020,63,0,0,1,58.5,0.800094
849,2015-02-19,Quarter3,Sewing,Thursday,5,0.8,30.1,276.0,600,63,3,15,0,59.5,0.799983
850,2015-02-19,Quarter3,Finishing,Thursday,6,0.8,2.9,,4320,0,0,0,0,18.0,0.785864
851,2015-02-19,Quarter3,Sewing,Thursday,6,0.75,18.79,899.0,3960,56,0,0,0,33.0,0.750651
852,2015-02-19,Quarter3,Finishing,Thursday,10,0.8,3.94,,2400,0,0,0,0,10.0,0.733278
853,2015-02-19,Quarter3,Finishing,Thursday,2,0.8,5.13,,3600,0,0,0,0,15.0,0.710125
854,2015-02-19,Quarter3,Sewing,Thursday,3,0.7,30.1,247.0,6960,50,0,0,1,58.0,0.700603
855,2015-02-19,Quarter3,Sewing,Thursday,11,0.7,11.41,653.0,3480,30,0,0,2,58.0,0.70054
856,2015-02-19,Quarter3,Sewing,Thursday,8,0.7,29.4,1116.0,6240,0,0,0,2,57.0,0.7
857,2015-02-19,Quarter3,Finishing,Thursday,4,0.75,5.13,,1920,0,0,0,0,8.0,0.684028
858,2015-02-19,Quarter3,Finishing,Thursday,8,0.7,5.13,,1920,0,0,0,0,8.0,0.672135
859,2015-02-19,Quarter3,Sewing,Thursday,9,0.7,18.79,1603.0,6120,30,0,0,1,51.0,0.638614
860,2015-02-19,Quarter3,Finishing,Thursday,5,0.75,5.13,,1920,0,0,0,0,8.0,0.631354
861,2015-02-19,Quarter3,Sewing,Thursday,7,0.75,30.1,444.0,0,0,5,20,1,59.0,0.611141
862,2015-02-19,Quarter3,Finishing,Thursday,12,0.8,5.13,,2160,0,0,0,0,9.0,0.609583
863,2015-02-19,Quarter3,Sewing,Thursday,2,0.65,30.33,841.0,6840,0,0,0,1,57.0,0.585316
864,2015-02-19,Quarter3,Sewing,Thursday,10,0.7,19.68,1410.0,5760,0,0,0,1,48.0,0.249417
865,2015-02-22,Quarter4,Finishing,Sunday,3,0.5,5.13,,1800,0,0,0,0,15.0,0.8721
866,2015-02-22,Quarter4,Finishing,Sunday,6,0.8,2.9,,960,0,0,0,0,8.0,0.831937
867,2015-02-22,Quarter4,Finishing,Sunday,2,0.8,5.13,,4800,0,0,0,0,20.0,0.830063
868,2015-02-22,Quarter4,Finishing,Sunday,11,0.6,2.9,,2880,0,0,0,0,12.0,0.805556
869,2015-02-22,Quarter4,Sewing,Sunday,12,0.8,15.26,1103.0,4080,63,0,0,0,34.0,0.800402
870,2015-02-22,Quarter4,Sewing,Sunday,4,0.8,30.1,922.0,5820,63,0,0,1,59.0,0.800003
871,2015-02-22,Quarter4,Finishing,Sunday,12,0.8,5.13,,2400,0,0,0,0,10.0,0.78375
872,2015-02-22,Quarter4,Finishing,Sunday,9,0.8,3.94,,2400,0,0,0,0,10.0,0.753525
873,2015-02-22,Quarter4,Sewing,Sunday,6,0.75,18.79,1055.0,3960,45,0,0,0,33.0,0.750651
874,2015-02-22,Quarter4,Finishing,Sunday,1,0.8,3.94,,2880,0,0,0,0,12.0,0.72735
875,2015-02-22,Quarter4,Sewing,Sunday,8,0.7,29.4,1146.0,6840,40,0,0,2,57.0,0.700614
876,2015-02-22,Quarter4,Sewing,Sunday,2,0.7,30.33,746.0,6840,0,0,0,1,57.0,0.700605
877,2015-02-22,Quarter4,Sewing,Sunday,11,0.75,11.41,834.0,3480,0,0,0,2,58.0,0.672141
878,2015-02-22,Quarter4,Sewing,Sunday,9,0.7,18.79,1717.0,3240,30,0,0,1,57.0,0.627011
879,2015-02-22,Quarter4,Sewing,Sunday,3,0.7,30.1,1041.0,8160,33,0,0,2,58.0,0.626578
880,2015-02-22,Quarter4,Sewing,Sunday,10,0.7,21.25,1531.0,6000,0,0,0,1,50.0,0.456875
881,2015-02-22,Quarter4,Sewing,Sunday,7,0.75,30.1,627.0,6960,0,3,20,1,58.0,0.393549
882,2015-02-22,Quarter4,Finishing,Sunday,10,0.8,3.94,,960,0,0,0,0,8.0,0.385792
883,2015-02-22,Quarter4,Sewing,Sunday,5,0.8,30.1,450.0,5700,0,4,25,0,60.0,0.307501
884,2015-02-22,Quarter4,Finishing,Sunday,7,0.7,5.13,,960,0,0,0,0,8.0,0.283958
885,2015-02-23,Quarter4,Finishing,Monday,10,0.8,3.94,,2400,0,0,0,0,20.0,0.955792
886,2015-02-23,Quarter4,Finishing,Monday,8,0.7,5.13,,960,0,0,0,0,8.0,0.930417
887,2015-02-23,Quarter4,Finishing,Monday,12,0.8,5.13,,1080,0,0,0,0,9.0,0.9025
888,2015-02-23,Quarter4,Finishing,Monday,3,0.8,5.13,,2160,0,0,0,0,18.0,0.87115
889,2015-02-23,Quarter4,Sewing,Monday,12,0.8,15.26,1060.0,4080,63,0,0,0,34.0,0.800402
890,2015-02-23,Quarter4,Sewing,Monday,4,0.8,30.1,891.0,7140,38,0,0,1,59.0,0.800137
891,2015-02-23,Quarter4,Sewing,Monday,5,0.8,30.1,541.0,7140,38,0,0,0,59.0,0.800137
892,2015-02-23,Quarter4,Sewing,Monday,7,0.75,30.1,709.0,6960,45,0,0,1,58.0,0.75077
893,2015-02-23,Quarter4,Sewing,Monday,6,0.75,18.79,1100.0,3960,45,0,0,0,33.0,0.750651
894,2015-02-23,Quarter4,Sewing,Monday,11,0.75,11.41,826.0,2820,0,0,0,2,58.0,0.750294
895,2015-02-23,Quarter4,Sewing,Monday,2,0.7,30.33,577.0,2160,30,0,0,1,58.0,0.700623
896,2015-02-23,Quarter4,Sewing,Monday,8,0.7,29.4,1094.0,6840,40,0,0,2,57.0,0.700614
897,2015-02-23,Quarter4,Sewing,Monday,3,0.7,29.4,1228.0,6960,30,0,0,2,58.0,0.700362
898,2015-02-23,Quarter4,Sewing,Monday,9,0.7,18.79,1641.0,6000,40,0,0,1,50.0,0.60128
899,2015-02-23,Quarter4,Sewing,Monday,10,0.7,21.25,1583.0,6000,0,0,0,1,50.0,0.417917
900,2015-02-23,Quarter4,Finishing,Monday,6,0.8,2.9,,960,0,0,0,0,8.0,0.371563
901,2015-02-23,Quarter4,Finishing,Monday,9,0.8,2.9,,960,0,0,0,0,8.0,0.371563
902,2015-02-23,Quarter4,Finishing,Monday,2,0.8,5.13,,960,0,0,0,0,8.0,0.368719
903,2015-02-23,Quarter4,Finishing,Monday,7,0.7,5.13,,960,0,0,0,0,8.0,0.356458
904,2015-02-24,Quarter4,Finishing,Tuesday,10,0.7,2.9,,1800,0,0,0,0,15.0,0.902222
905,2015-02-24,Quarter4,Finishing,Tuesday,3,0.8,4.6,,1440,0,0,0,0,12.0,0.811389
906,2015-02-24,Quarter4,Sewing,Tuesday,12,0.8,15.26,1062.0,4080,50,0,0,0,34.0,0.800402
907,2015-02-24,Quarter4,Sewing,Tuesday,5,0.8,30.1,450.0,7140,50,0,0,0,60.0,0.800137
908,2015-02-24,Quarter4,Sewing,Tuesday,4,0.8,30.1,901.0,6480,50,0,0,1,59.0,0.800072
909,2015-02-24,Quarter4,Finishing,Tuesday,8,0.7,4.6,,960,0,0,0,0,8.0,0.791458
910,2015-02-24,Quarter4,Sewing,Tuesday,7,0.75,30.1,739.0,5640,45,0,0,1,59.0,0.750727
911,2015-02-24,Quarter4,Sewing,Tuesday,6,0.75,18.79,913.0,3360,45,0,0,0,33.0,0.750651
912,2015-02-24,Quarter4,Sewing,Tuesday,11,0.75,11.61,698.0,3360,34,0,0,2,57.0,0.750437
913,2015-02-24,Quarter4,Sewing,Tuesday,3,0.75,29.4,1172.0,5340,45,0,0,2,60.0,0.750177
914,2015-02-24,Quarter4,Finishing,Tuesday,6,0.75,2.9,,1800,0,0,0,0,15.0,0.726933
915,2015-02-24,Quarter4,Finishing,Tuesday,9,0.7,2.9,,1800,0,0,0,0,15.0,0.726933
916,2015-02-24,Quarter4,Sewing,Tuesday,2,0.7,30.33,408.0,1680,30,0,0,1,59.0,0.700623
917,2015-02-24,Quarter4,Sewing,Tuesday,8,0.7,29.4,1079.0,4560,40,0,0,2,58.0,0.700519
918,2015-02-24,Quarter4,Sewing,Tuesday,9,0.7,18.79,1068.0,3000,30,0,0,1,52.0,0.700257
919,2015-02-24,Quarter4,Finishing,Tuesday,11,0.7,2.9,,960,0,0,0,0,8.0,0.504687
920,2015-02-24,Quarter4,Sewing,Tuesday,10,0.7,21.25,1834.0,6360,0,0,0,1,53.0,0.471108
921,2015-02-24,Quarter4,Finishing,Tuesday,2,0.7,3.9,,960,0,0,0,0,8.0,0.325
922,2015-02-24,Quarter4,Sewing,Tuesday,1,0.6,22.53,708.0,5040,0,0,0,1,42.0,0.268214
923,2015-02-25,Quarter4,Sewing,Wednesday,9,0.75,18.79,1085.0,6240,56,0,0,1,52.0,0.970817
924,2015-02-25,Quarter4,Finishing,Wednesday,5,0.8,4.6,,1080,0,0,0,0,9.0,0.902963
925,2015-02-25,Quarter4,Finishing,Wednesday,3,0.8,4.6,,2400,0,0,0,0,20.0,0.900833
926,2015-02-25,Quarter4,Finishing,Wednesday,12,0.8,4.6,,1800,0,0,0,0,15.0,0.899556
927,2015-02-25,Quarter4,Finishing,Wednesday,10,0.7,2.9,,1200,0,0,0,0,10.0,0.845833
928,2015-02-25,Quarter4,Sewing,Wednesday,4,0.8,30.1,323.0,4080,50,0,0,1,59.0,0.800809
929,2015-02-25,Quarter4,Sewing,Wednesday,12,0.8,15.26,1053.0,4080,50,0,0,0,34.0,0.800402
930,2015-02-25,Quarter4,Sewing,Wednesday,7,0.8,30.1,786.0,7080,50,0,0,2,59.0,0.800116
931,2015-02-25,Quarter4,Sewing,Wednesday,6,0.75,18.79,1003.0,3960,45,0,0,1,33.0,0.750651
932,2015-02-25,Quarter4,Sewing,Wednesday,11,0.75,11.61,635.0,3360,45,0,0,0,57.0,0.750504
933,2015-02-25,Quarter4,Sewing,Wednesday,3,0.75,29.4,1283.0,6960,45,0,0,2,58.0,0.750207
934,2015-02-25,Quarter4,Sewing,Wednesday,8,0.7,29.4,847.0,6960,30,0,0,1,58.0,0.700362
935,2015-02-25,Quarter4,Sewing,Wednesday,2,0.7,30.33,361.0,3960,30,0,0,1,58.0,0.70007
936,2015-02-25,Quarter4,Sewing,Wednesday,10,0.7,21.82,1653.0,6240,0,0,0,2,52.0,0.700058
937,2015-02-25,Quarter4,Finishing,Wednesday,7,0.75,4.6,,960,0,0,0,0,8.0,0.676667
938,2015-02-25,Quarter4,Finishing,Wednesday,8,0.7,4.6,,960,0,0,0,0,8.0,0.658542
939,2015-02-25,Quarter4,Sewing,Wednesday,5,0.8,30.1,15.0,1200,49,0,0,1,59.0,0.598792
940,2015-02-25,Quarter4,Sewing,Wednesday,1,0.65,22.53,762.0,5040,0,0,0,1,42.0,0.581131
941,2015-02-25,Quarter4,Finishing,Wednesday,2,0.7,3.9,,960,0,0,0,0,8.0,0.440375
942,2015-02-25,Quarter4,Finishing,Wednesday,6,0.75,2.9,,960,0,0,0,0,8.0,0.410833
943,2015-02-25,Quarter4,Finishing,Wednesday,9,0.7,2.9,,960,0,0,0,0,8.0,0.410833
944,2015-02-26,Quarter4,Finishing,Thursday,3,0.8,4.6,,6300,0,0,0,0,15.0,0.921704
945,2015-02-26,Quarter4,Finishing,Thursday,5,0.8,4.6,,7560,0,0,0,0,18.0,0.921605
946,2015-02-26,Quarter4,Sewing,Thursday,7,0.8,30.1,694.0,4080,50,0,0,1,59.0,0.800809
947,2015-02-26,Quarter4,Sewing,Thursday,11,0.8,11.61,816.0,2820,50,0,0,2,57.0,0.800517
948,2015-02-26,Quarter4,Sewing,Thursday,12,0.8,15.26,1065.0,4080,63,0,0,0,34.0,0.800402
949,2015-02-26,Quarter4,Finishing,Thursday,1,0.5,3.94,,3360,0,0,0,0,8.0,0.768847
950,2015-02-26,Quarter4,Sewing,Thursday,6,0.75,18.79,912.0,3960,45,0,0,0,33.0,0.750651
951,2015-02-26,Quarter4,Sewing,Thursday,3,0.75,29.4,1244.0,6840,45,0,0,2,57.0,0.750474
952,2015-02-26,Quarter4,Sewing,Thursday,9,0.75,18.79,1020.0,5640,45,0,0,1,52.0,0.750372
953,2015-02-26,Quarter4,Sewing,Thursday,8,0.75,29.4,916.0,6960,56,0,0,2,58.0,0.750207
954,2015-02-26,Quarter4,Sewing,Thursday,10,0.7,21.82,1591.0,3240,0,0,0,1,52.0,0.700252
955,2015-02-26,Quarter4,Sewing,Thursday,2,0.7,30.33,398.0,6960,0,0,0,1,58.0,0.662379
956,2015-02-26,Quarter4,Finishing,Thursday,12,0.8,4.6,,3780,0,0,0,0,9.0,0.590617
957,2015-02-26,Quarter4,Finishing,Thursday,2,0.7,3.9,,960,0,0,0,0,8.0,0.556562
958,2015-02-26,Quarter4,Sewing,Thursday,4,0.8,30.1,437.0,7080,32,0,0,2,59.0,0.495618
959,2015-02-26,Quarter4,Sewing,Thursday,5,0.35,27.48,413.0,6840,38,0,0,1,57.0,0.449965
960,2015-02-26,Quarter4,Finishing,Thursday,10,0.7,2.9,,3360,0,0,0,0,8.0,0.410833
961,2015-02-26,Quarter4,Finishing,Thursday,9,0.75,2.9,,960,0,0,0,0,8.0,0.407813
962,2015-02-26,Quarter4,Sewing,Thursday,1,0.35,26.66,1164.0,6600,23,0,0,2,55.0,0.378895
963,2015-02-26,Quarter4,Finishing,Thursday,8,0.75,4.6,,3360,0,0,0,0,8.0,0.376597
964,2015-02-26,Quarter4,Finishing,Thursday,6,0.75,2.9,,3360,0,0,0,0,8.0,0.271875
965,2015-02-28,Quarter4,Finishing,Saturday,3,0.8,4.6,,6300,0,0,0,0,15.0,0.921704
966,2015-02-28,Quarter4,Finishing,Saturday,5,0.8,4.6,,7560,0,0,0,0,18.0,0.921605
967,2015-02-28,Quarter4,Sewing,Saturday,11,0.8,11.61,954.0,0,50,0,0,2,58.0,0.800779
968,2015-02-28,Quarter4,Sewing,Saturday,12,0.8,15.26,1194.0,1700,62,0,0,0,34.0,0.800261
969,2015-02-28,Quarter4,Sewing,Saturday,7,0.8,30.1,644.0,840,38,0,0,1,59.0,0.799983
970,2015-02-28,Quarter4,Finishing,Saturday,1,0.5,3.94,,3360,0,0,0,0,8.0,0.768847
971,2015-02-28,Quarter4,Sewing,Saturday,3,0.75,29.4,1144.0,4440,45,0,0,2,57.0,0.750717
972,2015-02-28,Quarter4,Sewing,Saturday,6,0.75,18.79,1012.0,3960,45,0,0,0,33.0,0.750651
973,2015-02-28,Quarter4,Sewing,Saturday,8,0.75,29.4,792.0,4560,56,0,0,2,58.0,0.750426
974,2015-02-28,Quarter4,Sewing,Saturday,9,0.75,18.79,841.0,6240,45,0,0,1,52.0,0.750396
975,2015-02-28,Quarter4,Sewing,Saturday,10,0.7,21.82,1448.0,6120,40,0,0,1,51.0,0.700237
976,2015-02-28,Quarter4,Sewing,Saturday,2,0.7,30.33,512.0,4560,0,0,0,1,58.0,0.700211
977,2015-02-28,Quarter4,Finishing,Saturday,12,0.8,4.6,,3780,0,0,0,0,9.0,0.590617
978,2015-02-28,Quarter4,Finishing,Saturday,2,0.7,3.9,,960,0,0,0,0,8.0,0.556562
979,2015-02-28,Quarter4,Sewing,Saturday,5,0.5,27.48,609.0,6840,30,0,0,1,57.0,0.550404
980,2015-02-28,Quarter4,Sewing,Saturday,1,0.5,26.66,1448.0,6840,30,0,0,2,57.0,0.55035
981,2015-02-28,Quarter4,Sewing,Saturday,4,0.5,26.66,556.0,6960,23,0,0,2,58.0,0.500258
982,2015-02-28,Quarter4,Finishing,Saturday,10,0.7,2.9,,3360,0,0,0,0,8.0,0.410833
983,2015-02-28,Quarter4,Finishing,Saturday,9,0.75,2.9,,960,0,0,0,0,8.0,0.407813
984,2015-02-28,Quarter4,Finishing,Saturday,8,0.75,4.6,,3360,0,0,0,0,8.0,0.376597
985,2015-02-28,Quarter4,Finishing,Saturday,6,0.75,2.9,,3360,0,0,0,0,8.0,0.271875
986,2015-03-01,Quarter1,Finishing,Sunday,3,0.8,4.6,,10500,0,0,0,0,25.0,0.936356
987,2015-03-01,Quarter1,Finishing,Sunday,8,0.75,4.6,,3360,0,0,0,0,8.0,0.813611
988,2015-03-01,Quarter1,Sewing,Sunday,12,0.8,15.26,1106.0,4080,63,0,0,0,34.0,0.800402
989,2015-03-01,Quarter1,Sewing,Sunday,8,0.75,29.4,622.0,6240,56,0,0,0,57.0,0.75075
990,2015-03-01,Quarter1,Sewing,Sunday,6,0.75,18.79,1193.0,3960,45,0,0,0,33.0,0.750651
991,2015-03-01,Quarter1,Sewing,Sunday,3,0.75,29.4,1143.0,6840,45,0,0,0,57.0,0.750474
992,2015-03-01,Quarter1,Sewing,Sunday,9,0.75,18.79,895.0,6240,34,0,0,0,52.0,0.750396
993,2015-03-01,Quarter1,Sewing,Sunday,5,0.6,27.48,549.0,6720,38,0,0,0,56.0,0.707446
994,2015-03-01,Quarter1,Sewing,Sunday,10,0.7,21.82,1393.0,5640,30,0,0,0,52.0,0.700237
995,2015-03-01,Quarter1,Sewing,Sunday,1,0.6,26.66,1578.0,6840,38,0,0,0,57.0,0.70002
996,2015-03-01,Quarter1,Sewing,Sunday,2,0.7,30.33,254.0,1800,0,0,0,0,58.0,0.683551
997,2015-03-01,Quarter1,Sewing,Sunday,11,0.8,11.61,347.0,0,50,4,20,0,57.0,0.682433
998,2015-03-01,Quarter1,Finishing,Sunday,4,0.6,3.94,,960,0,0,0,0,8.0,0.673083
999,2015-03-01,Quarter1,Finishing,Sunday,10,0.7,2.9,,3360,0,0,0,0,8.0,0.664583
1000,2015-03-01,Quarter1,Sewing,Sunday,4,0.6,26.66,692.0,6840,23,0,0,0,57.0,0.60024
1001,2015-03-01,Quarter1,Finishing,Sunday,2,0.7,3.9,,960,0,0,0,0,8.0,0.585
1002,2015-03-01,Quarter1,Sewing,Sunday,7,0.8,30.1,934.0,6960,0,3,15,0,58.0,0.579512
1003,2015-03-01,Quarter1,Finishing,Sunday,1,0.6,3.94,,3360,0,0,0,0,8.0,0.448722
1004,2015-03-01,Quarter1,Finishing,Sunday,9,0.75,2.9,,960,0,0,0,0,8.0,0.447083
1005,2015-03-01,Quarter1,Finishing,Sunday,7,0.8,4.6,,3360,0,0,0,0,8.0,0.350417
1006,2015-03-02,Quarter1,Finishing,Monday,2,0.7,3.9,,1200,0,0,0,0,10.0,0.92885
1007,2015-03-02,Quarter1,Finishing,Monday,3,0.8,4.6,,10080,0,0,0,0,24.0,0.86037
1008,2015-03-02,Quarter1,Finishing,Monday,4,0.65,3.94,,960,0,0,0,0,8.0,0.806879
1009,2015-03-02,Quarter1,Sewing,Monday,1,0.65,26.66,1527.0,6840,65,0,0,0,57.0,0.80058
1010,2015-03-02,Quarter1,Sewing,Monday,12,0.8,15.26,1035.0,4080,63,0,0,0,34.0,0.800402
1011,2015-03-02,Quarter1,Finishing,Monday,9,0.75,2.9,,1200,0,0,0,0,10.0,0.8004
1012,2015-03-02,Quarter1,Sewing,Monday,11,0.8,11.61,632.0,0,50,0,0,0,57.0,0.800309
1013,2015-03-02,Quarter1,Sewing,Monday,3,0.8,29.4,1231.0,4680,50,0,0,0,57.0,0.80015
1014,2015-03-02,Quarter1,Sewing,Monday,7,0.8,30.1,616.0,7080,0,0,0,0,59.0,0.800116
1015,2015-03-02,Quarter1,Finishing,Monday,8,0.75,4.6,,3360,0,0,0,0,8.0,0.773333
1016,2015-03-02,Quarter1,Sewing,Monday,6,0.75,18.79,947.0,2880,34,0,0,0,33.0,0.750797
1017,2015-03-02,Quarter1,Sewing,Monday,8,0.75,29.4,551.0,6840,45,0,0,0,57.0,0.750474
1018,2015-03-02,Quarter1,Sewing,Monday,9,0.75,18.79,935.0,6240,45,0,0,0,52.0,0.750396
1019,2015-03-02,Quarter1,Sewing,Monday,4,0.65,26.66,832.0,6780,55,0,0,0,57.0,0.750255
1020,2015-03-02,Quarter1,Sewing,Monday,5,0.65,27.48,544.0,6720,34,0,0,0,56.0,0.700904
1021,2015-03-02,Quarter1,Sewing,Monday,10,0.7,21.82,1511.0,3600,30,0,0,0,51.0,0.700136
1022,2015-03-02,Quarter1,Finishing,Monday,10,0.7,2.9,,3360,0,0,0,0,8.0,0.632361
1023,2015-03-02,Quarter1,Finishing,Monday,12,0.8,4.6,,3780,0,0,0,0,9.0,0.607654
1024,2015-03-02,Quarter1,Finishing,Monday,1,0.65,3.94,,3360,0,0,0,0,8.0,0.537919
1025,2015-03-02,Quarter1,Finishing,Monday,7,0.8,4.6,,3360,0,0,0,0,8.0,0.342361
1026,2015-03-03,Quarter1,Finishing,Tuesday,7,0.8,4.6,,4200,0,0,0,0,10.0,0.999533
1027,2015-03-03,Quarter1,Finishing,Tuesday,3,0.8,4.6,,6300,0,0,0,0,15.0,0.902963
1028,2015-03-03,Quarter1,Sewing,Tuesday,11,0.8,11.41,601.0,0,50,0,0,0,56.0,0.800702
1029,2015-03-03,Quarter1,Sewing,Tuesday,1,0.7,26.66,1562.0,6960,60,0,0,0,58.0,0.800566
1030,2015-03-03,Quarter1,Sewing,Tuesday,12,0.8,15.26,983.0,4080,50,0,0,0,34.0,0.800402
1031,2015-03-03,Quarter1,Sewing,Tuesday,3,0.8,29.4,1156.0,6840,50,0,0,0,57.0,0.800333
1032,2015-03-03,Quarter1,Sewing,Tuesday,7,0.8,30.1,29.0,7080,50,0,0,0,59.0,0.800116
1033,2015-03-03,Quarter1,Sewing,Tuesday,4,0.7,26.66,950.0,6960,50,0,0,0,58.0,0.75077
1034,2015-03-03,Quarter1,Sewing,Tuesday,8,0.75,29.4,534.0,6840,56,0,0,0,57.0,0.750474
1035,2015-03-03,Quarter1,Sewing,Tuesday,9,0.75,18.79,1096.0,6240,34,0,0,0,52.0,0.750396
1036,2015-03-03,Quarter1,Sewing,Tuesday,6,0.75,20.2,402.0,3120,45,0,0,0,33.0,0.750213
1037,2015-03-03,Quarter1,Finishing,Tuesday,8,0.75,4.6,,3360,0,0,0,0,8.0,0.702778
1038,2015-03-03,Quarter1,Sewing,Tuesday,5,0.7,27.48,573.0,6840,30,0,0,0,57.0,0.70066
1039,2015-03-03,Quarter1,Sewing,Tuesday,10,0.7,21.82,1313.0,5040,30,0,0,0,51.0,0.699984
1040,2015-03-03,Quarter1,Finishing,Tuesday,12,0.8,4.6,,3780,0,0,0,0,9.0,0.636049
1041,2015-03-03,Quarter1,Finishing,Tuesday,2,0.4,3.9,,6300,0,0,0,0,15.0,0.567378
1042,2015-03-03,Quarter1,Finishing,Tuesday,1,0.7,3.94,,3360,0,0,0,0,8.0,0.555431
1043,2015-03-03,Quarter1,Finishing,Tuesday,4,0.7,3.94,,3360,0,0,0,0,8.0,0.555431
1044,2015-03-03,Quarter1,Finishing,Tuesday,10,0.7,2.9,,3360,0,0,0,0,8.0,0.463194
1045,2015-03-03,Quarter1,Finishing,Tuesday,5,0.7,4.6,,3360,0,0,0,0,8.0,0.354444
1046,2015-03-03,Quarter1,Finishing,Tuesday,6,0.75,2.9,,3360,0,0,0,0,8.0,0.309333
1047,2015-03-03,Quarter1,Sewing,Tuesday,2,0.4,15.28,157.0,5400,0,6,30,1,45.0,0.30277
1048,2015-03-04,Quarter1,Finishing,Wednesday,3,0.8,4.6,,1200,0,0,0,0,10.0,0.939167
1049,2015-03-04,Quarter1,Finishing,Wednesday,8,0.8,4.6,,960,0,0,0,0,8.0,0.930417
1050,2015-03-04,Quarter1,Finishing,Wednesday,12,0.8,4.6,,1080,0,0,0,0,9.0,0.885926
1051,2015-03-04,Quarter1,Finishing,Wednesday,9,0.75,2.9,,960,0,0,0,0,8.0,0.83375
1052,2015-03-04,Quarter1,Finishing,Wednesday,1,0.7,3.94,,960,0,0,0,0,8.0,0.806879
1053,2015-03-04,Quarter1,Finishing,Wednesday,4,0.7,3.94,,960,0,0,0,0,8.0,0.806058
1054,2015-03-04,Quarter1,Sewing,Wednesday,11,0.8,11.41,433.0,0,38,0,0,0,56.0,0.800702
1055,2015-03-04,Quarter1,Sewing,Wednesday,12,0.8,15.26,961.0,4080,50,0,0,0,34.0,0.800402
1056,2015-03-04,Quarter1,Sewing,Wednesday,3,0.8,29.4,1169.0,6840,63,0,0,0,57.0,0.800333
1057,2015-03-04,Quarter1,Sewing,Wednesday,7,0.8,30.1,874.0,3960,50,0,0,0,59.0,0.800056
1058,2015-03-04,Quarter1,Sewing,Wednesday,4,0.7,26.82,1028.0,6960,60,0,0,0,58.0,0.799976
1059,2015-03-04,Quarter1,Sewing,Wednesday,1,0.7,26.82,1772.0,6960,50,0,0,0,58.0,0.750652
1060,2015-03-04,Quarter1,Sewing,Wednesday,9,0.75,18.79,1206.0,6240,34,0,0,0,52.0,0.750396
1061,2015-03-04,Quarter1,Sewing,Wednesday,5,0.7,27.48,586.0,6960,40,0,0,0,58.0,0.700424
1062,2015-03-04,Quarter1,Sewing,Wednesday,10,0.7,21.82,1334.0,5760,30,0,0,0,53.0,0.700058
1063,2015-03-04,Quarter1,Finishing,Wednesday,7,0.8,4.6,,8400,0,0,0,0,20.0,0.684889
1064,2015-03-04,Quarter1,Finishing,Wednesday,5,0.7,4.6,,960,0,0,0,0,8.0,0.592083
1065,2015-03-04,Quarter1,Finishing,Wednesday,2,0.5,3.9,,960,0,0,0,0,8.0,0.540313
1066,2015-03-04,Quarter1,Sewing,Wednesday,8,0.8,29.4,30.0,6840,0,0,0,0,57.0,0.433263
1067,2015-03-04,Quarter1,Sewing,Wednesday,2,0.5,15.28,261.0,5520,0,0,0,1,46.0,0.404145
1068,2015-03-04,Quarter1,Sewing,Wednesday,6,0.75,18.79,52.0,3960,0,0,0,0,33.0,0.332146
1069,2015-03-05,Quarter1,Finishing,Thursday,8,0.8,4.6,,2640,0,0,0,0,22.0,0.980985
1070,2015-03-05,Quarter1,Finishing,Thursday,2,0.6,3.9,,960,0,0,0,0,8.0,0.950625
1071,2015-03-05,Quarter1,Finishing,Thursday,11,0.8,2.9,,1200,0,0,0,0,10.0,0.927292
1072,2015-03-05,Quarter1,Finishing,Thursday,12,0.8,4.6,,1080,0,0,0,0,9.0,0.868889
1073,2015-03-05,Quarter1,Finishing,Thursday,1,0.7,3.94,,960,0,0,0,0,8.0,0.812625
1074,2015-03-05,Quarter1,Finishing,Thursday,4,0.7,3.94,,960,0,0,0,0,8.0,0.812625
1075,2015-03-05,Quarter1,Finishing,Thursday,3,0.8,4.6,,1800,0,0,0,0,15.0,0.810111
1076,2015-03-05,Quarter1,Sewing,Thursday,11,0.8,11.41,455.0,3420,50,0,0,0,56.0,0.800702
1077,2015-03-05,Quarter1,Sewing,Thursday,3,0.8,29.4,797.0,1800,63,0,0,0,57.0,0.800535
1078,2015-03-05,Quarter1,Sewing,Thursday,12,0.8,15.26,959.0,4080,50,0,0,0,34.0,0.800402
1079,2015-03-05,Quarter1,Sewing,Thursday,1,0.7,26.82,1373.0,6960,50,0,0,0,58.0,0.750652
1080,2015-03-05,Quarter1,Sewing,Thursday,9,0.75,18.79,1228.0,6240,45,0,0,0,52.0,0.750396
1081,2015-03-05,Quarter1,Sewing,Thursday,4,0.7,26.82,1117.0,7080,50,0,0,0,59.0,0.750051
1082,2015-03-05,Quarter1,Sewing,Thursday,5,0.7,27.48,230.0,6960,40,0,0,0,58.0,0.700424
1083,2015-03-05,Quarter1,Sewing,Thursday,10,0.7,21.82,1390.0,6000,30,0,0,0,50.0,0.700422
1084,2015-03-05,Quarter1,Sewing,Thursday,2,0.6,15.28,529.0,1320,0,0,0,1,46.0,0.600099
1085,2015-03-05,Quarter1,Finishing,Thursday,9,0.75,2.9,,960,0,0,0,0,8.0,0.453125
1086,2015-03-05,Quarter1,Sewing,Thursday,7,0.8,30.1,834.0,1200,0,4,40,0,59.0,0.366054
1087,2015-03-05,Quarter1,Sewing,Thursday,6,0.35,22.53,1450.0,2640,0,0,0,1,39.0,0.263694
1088,2015-03-07,Quarter1,Finishing,Saturday,12,0.8,4.6,,1080,0,0,0,0,9.0,0.868889
1089,2015-03-07,Quarter1,Sewing,Saturday,12,0.8,15.26,986.0,4080,75,0,0,0,34.0,0.850521
1090,2015-03-07,Quarter1,Sewing,Saturday,1,0.7,26.82,1267.0,8160,70,0,0,0,58.0,0.850045
1091,2015-03-07,Quarter1,Finishing,Saturday,7,0.8,4.6,,6000,0,0,0,0,25.0,0.825444
1092,2015-03-07,Quarter1,Finishing,Saturday,5,0.35,3.94,,2400,0,0,0,0,10.0,0.80575
1093,2015-03-07,Quarter1,Sewing,Saturday,4,0.7,26.82,1195.0,6960,60,0,0,0,58.0,0.800747
1094,2015-03-07,Quarter1,Sewing,Saturday,3,0.8,29.4,983.0,6840,63,0,0,1,57.0,0.800579
1095,2015-03-07,Quarter1,Sewing,Saturday,11,0.8,11.41,471.0,3420,50,0,0,0,58.0,0.800035
1096,2015-03-07,Quarter1,Finishing,Saturday,6,0.5,2.9,,960,0,0,0,0,8.0,0.7975
1097,2015-03-07,Quarter1,Sewing,Saturday,9,0.75,18.79,1226.0,3480,45,0,0,0,51.0,0.749987
1098,2015-03-07,Quarter1,Sewing,Saturday,10,0.7,21.82,1251.0,6000,30,0,0,0,50.0,0.700422
1099,2015-03-07,Quarter1,Finishing,Saturday,1,0.7,3.94,,960,0,0,0,0,8.0,0.664875
1100,2015-03-07,Quarter1,Finishing,Saturday,4,0.7,3.94,,960,0,0,0,0,8.0,0.664875
1101,2015-03-07,Quarter1,Finishing,Saturday,11,0.8,2.9,,960,0,0,0,0,8.0,0.657083
1102,2015-03-07,Quarter1,Sewing,Saturday,2,0.65,16.1,626.0,4200,0,0,0,1,45.0,0.65024
1103,2015-03-07,Quarter1,Finishing,Saturday,8,0.8,4.6,,3600,0,0,0,0,15.0,0.590741
1104,2015-03-07,Quarter1,Finishing,Saturday,2,0.65,3.9,,1920,0,0,0,0,8.0,0.528125
1105,2015-03-07,Quarter1,Sewing,Saturday,6,0.5,23.41,1379.0,2280,0,0,0,1,39.0,0.500528
1106,2015-03-07,Quarter1,Sewing,Saturday,5,0.7,27.48,541.0,6960,24,0,0,1,58.0,0.40896
1107,2015-03-08,Quarter2,Finishing,Sunday,3,0.8,4.6,,1440,0,0,0,0,12.0,0.951944
1108,2015-03-08,Quarter2,Finishing,Sunday,12,0.8,4.6,,1080,0,0,0,0,9.0,0.945556
1109,2015-03-08,Quarter2,Finishing,Sunday,9,0.75,2.9,,1080,0,0,0,0,9.0,0.929074
1110,2015-03-08,Quarter2,Finishing,Sunday,1,0.75,3.94,,960,0,0,0,0,8.0,0.890604
1111,2015-03-08,Quarter2,Finishing,Sunday,4,0.75,3.94,,960,0,0,0,0,8.0,0.890604
1112,2015-03-08,Quarter2,Finishing,Sunday,2,0.7,3.9,,1200,0,0,0,0,10.0,0.884
1113,2015-03-08,Quarter2,Finishing,Sunday,5,0.5,3.94,,960,0,0,0,0,8.0,0.857917
1114,2015-03-08,Quarter2,Sewing,Sunday,4,0.75,26.82,1082.0,6840,65,0,0,0,57.0,0.850084
1115,2015-03-08,Quarter2,Sewing,Sunday,1,0.75,26.82,1254.0,6960,65,0,0,0,58.0,0.850071
1116,2015-03-08,Quarter2,Sewing,Sunday,3,0.8,30.1,1278.0,3360,50,0,0,1,57.0,0.800511
1117,2015-03-08,Quarter2,Sewing,Sunday,12,0.8,15.26,1064.0,4080,63,0,0,0,34.0,0.800402
1118,2015-03-08,Quarter2,Sewing,Sunday,11,0.8,11.41,313.0,3420,50,0,0,0,58.0,0.800035
1119,2015-03-08,Quarter2,Finishing,Sunday,11,0.8,2.9,,960,0,0,0,0,8.0,0.755208
1120,2015-03-08,Quarter2,Sewing,Sunday,9,0.75,18.79,1239.0,5640,45,0,0,0,52.0,0.750372
1121,2015-03-08,Quarter2,Sewing,Sunday,10,0.7,21.82,1335.0,6000,30,0,0,0,50.0,0.700422
1122,2015-03-08,Quarter2,Sewing,Sunday,2,0.7,16.1,928.0,4800,30,0,0,1,45.0,0.700106
1123,2015-03-08,Quarter2,Sewing,Sunday,6,0.6,23.41,1266.0,2520,23,0,0,1,38.0,0.601037
1124,2015-03-08,Quarter2,Sewing,Sunday,8,0.6,30.48,869.0,6720,0,0,0,1,56.0,0.600529
1125,2015-03-08,Quarter2,Sewing,Sunday,5,0.5,26.82,711.0,7080,23,0,0,1,59.0,0.500034
1126,2015-03-08,Quarter2,Finishing,Sunday,8,0.6,3.9,,960,0,0,0,0,8.0,0.450938
1127,2015-03-08,Quarter2,Finishing,Sunday,10,0.7,2.9,,960,0,0,0,0,8.0,0.441042
1128,2015-03-08,Quarter2,Finishing,Sunday,6,0.6,2.9,,960,0,0,0,0,8.0,0.271875
1129,2015-03-09,Quarter2,Finishing,Monday,11,0.8,2.9,,0,960,0,0,0,8.0,0.960625
1130,2015-03-09,Quarter2,Finishing,Monday,12,0.8,4.6,,0,1080,0,0,0,9.0,0.902963
1131,2015-03-09,Quarter2,Finishing,Monday,5,0.6,3.94,,0,2880,0,0,0,12.0,0.864343
1132,2015-03-09,Quarter2,Sewing,Monday,4,0.75,26.82,1079.0,7020,65,0,0,0,58.0,0.850446
1133,2015-03-09,Quarter2,Sewing,Monday,1,0.75,26.82,1322.0,7140,65,0,0,0,59.0,0.850427
1134,2015-03-09,Quarter2,Finishing,Monday,9,0.75,2.9,,0,3600,0,0,0,15.0,0.841
1135,2015-03-09,Quarter2,Sewing,Monday,3,0.8,30.1,964.0,5160,50,0,0,1,58.0,0.800842
1136,2015-03-09,Quarter2,Sewing,Monday,12,0.8,15.26,1132.0,4080,63,0,0,0,34.0,0.800402
1137,2015-03-09,Quarter2,Sewing,Monday,11,0.8,11.41,357.0,3420,50,0,0,0,58.0,0.800035
1138,2015-03-09,Quarter2,Finishing,Monday,3,0.8,4.6,,0,1440,0,0,0,12.0,0.795417
1139,2015-03-09,Quarter2,Finishing,Monday,4,0.75,3.94,,0,960,0,0,0,8.0,0.795388
1140,2015-03-09,Quarter2,Finishing,Monday,1,0.75,3.94,,0,960,0,0,0,8.0,0.794567
1141,2015-03-09,Quarter2,Sewing,Monday,9,0.75,18.79,1193.0,6240,45,0,0,0,52.0,0.750396
1142,2015-03-09,Quarter2,Sewing,Monday,2,0.7,16.1,817.0,5520,30,0,0,1,45.0,0.700516
1143,2015-03-09,Quarter2,Sewing,Monday,10,0.7,21.82,1576.0,6000,30,0,0,0,50.0,0.700422
1144,2015-03-09,Quarter2,Finishing,Monday,2,0.7,3.9,,0,1200,0,0,0,10.0,0.6825
1145,2015-03-09,Quarter2,Sewing,Monday,6,0.65,23.41,1262.0,4560,35,0,0,1,38.0,0.650962
1146,2015-03-09,Quarter2,Sewing,Monday,8,0.65,30.48,953.0,6720,26,0,0,1,56.0,0.650421
1147,2015-03-09,Quarter2,Sewing,Monday,5,0.6,26.82,919.0,7080,23,0,0,1,59.0,0.600041
1148,2015-03-09,Quarter2,Sewing,Monday,7,0.5,30.48,1161.0,6600,0,0,0,1,55.0,0.500611
1149,2015-03-09,Quarter2,Finishing,Monday,10,0.7,2.9,,0,960,0,0,0,8.0,0.477292
1150,2015-03-09,Quarter2,Finishing,Monday,8,0.65,3.9,,0,960,0,0,0,8.0,0.264062
1151,2015-03-10,Quarter2,Finishing,Tuesday,12,0.8,4.6,,1080,0,0,0,0,9.0,0.92
1152,2015-03-10,Quarter2,Finishing,Tuesday,5,0.6,3.94,,1440,0,0,0,0,12.0,0.909392
1153,2015-03-10,Quarter2,Sewing,Tuesday,1,0.75,26.82,1574.0,7080,75,0,0,0,59.0,0.900061
1154,2015-03-10,Quarter2,Finishing,Tuesday,3,0.8,4.6,,1440,0,0,0,0,12.0,0.894444
1155,2015-03-10,Quarter2,Finishing,Tuesday,4,0.75,3.94,,960,0,0,0,0,8.0,0.881575
1156,2015-03-10,Quarter2,Finishing,Tuesday,1,0.75,3.94,,960,0,0,0,0,8.0,0.880754
1157,2015-03-10,Quarter2,Sewing,Tuesday,4,0.75,26.82,1104.0,5880,65,0,0,0,59.0,0.850084
1158,2015-03-10,Quarter2,Finishing,Tuesday,9,0.75,2.9,,1800,0,0,0,0,15.0,0.821667
1159,2015-03-10,Quarter2,Sewing,Tuesday,12,0.8,15.26,1069.0,4080,63,0,0,0,34.0,0.800402
1160,2015-03-10,Quarter2,Sewing,Tuesday,3,0.8,30.1,756.0,6960,63,0,0,1,58.0,0.800072
1161,2015-03-10,Quarter2,Sewing,Tuesday,11,0.8,11.41,338.0,3420,50,0,0,0,58.0,0.800035
1162,2015-03-10,Quarter2,Finishing,Tuesday,11,0.8,2.9,,960,0,0,0,0,8.0,0.758229
1163,2015-03-10,Quarter2,Sewing,Tuesday,10,0.75,21.82,1499.0,6000,34,0,0,0,50.0,0.750608
1164,2015-03-10,Quarter2,Sewing,Tuesday,9,0.75,18.79,1247.0,6240,45,0,0,0,52.0,0.750396
1165,2015-03-10,Quarter2,Finishing,Tuesday,2,0.7,3.9,,960,0,0,0,0,8.0,0.741
1166,2015-03-10,Quarter2,Sewing,Tuesday,8,0.7,30.48,923.0,6840,30,0,0,1,57.0,0.700505
1167,2015-03-10,Quarter2,Sewing,Tuesday,6,0.7,23.41,1180.0,4560,30,0,0,1,38.0,0.700247
1168,2015-03-10,Quarter2,Sewing,Tuesday,2,0.7,16.1,957.0,5400,40,0,0,1,45.0,0.700052
1169,2015-03-10,Quarter2,Sewing,Tuesday,5,0.65,26.82,1001.0,7080,26,0,0,1,59.0,0.650044
1170,2015-03-10,Quarter2,Sewing,Tuesday,7,0.6,30.48,1017.0,6840,25,0,0,1,57.0,0.630403
1171,2015-03-10,Quarter2,Finishing,Tuesday,8,0.65,3.9,,960,0,0,0,0,8.0,0.560625
1172,2015-03-10,Quarter2,Finishing,Tuesday,7,0.5,3.9,,960,0,0,0,0,8.0,0.560625
1173,2015-03-10,Quarter2,Finishing,Tuesday,10,0.7,2.9,,960,0,0,0,0,8.0,0.39875
1174,2015-03-11,Quarter2,Finishing,Wednesday,12,0.8,4.6,,2160,0,0,0,0,9.0,0.92284
1175,2015-03-11,Quarter2,Finishing,Wednesday,11,0.8,2.9,,2400,0,0,0,0,10.0,0.874028
1176,2015-03-11,Quarter2,Finishing,Wednesday,2,0.75,3.9,,1920,0,0,0,0,8.0,0.819271
1177,2015-03-11,Quarter2,Finishing,Wednesday,4,0.75,3.94,,1920,0,0,0,0,8.0,0.813309
1178,2015-03-11,Quarter2,Finishing,Wednesday,1,0.75,3.94,,1920,0,0,0,0,8.0,0.812625
1179,2015-03-11,Quarter2,Sewing,Wednesday,12,0.8,15.26,470.0,4080,63,0,0,0,34.0,0.800402
1180,2015-03-11,Quarter2,Sewing,Wednesday,3,0.8,30.1,735.0,6960,63,0,0,1,58.0,0.800072
1181,2015-03-11,Quarter2,Sewing,Wednesday,11,0.8,11.41,560.0,3420,50,0,0,0,58.0,0.800035
1182,2015-03-11,Quarter2,Finishing,Wednesday,3,0.8,4.6,,1920,0,0,0,0,8.0,0.786632
1183,2015-03-11,Quarter2,Finishing,Wednesday,5,0.7,3.94,,1440,0,0,0,0,12.0,0.75885
1184,2015-03-11,Quarter2,Sewing,Wednesday,10,0.75,21.82,1674.0,6000,34,0,0,0,50.0,0.750608
1185,2015-03-11,Quarter2,Sewing,Wednesday,9,0.75,18.79,290.0,5040,45,0,0,0,52.0,0.750347
1186,2015-03-11,Quarter2,Sewing,Wednesday,2,0.75,16.1,971.0,5400,45,0,0,1,45.0,0.750141
1187,2015-03-11,Quarter2,Sewing,Wednesday,1,0.75,26.82,1322.0,7080,45,0,0,0,59.0,0.750051
1188,2015-03-11,Quarter2,Sewing,Wednesday,4,0.75,26.82,1054.0,7080,45,0,0,0,59.0,0.750051
1189,2015-03-11,Quarter2,Sewing,Wednesday,5,0.7,26.82,992.0,6960,30,0,0,1,58.0,0.700557
1190,2015-03-11,Quarter2,Sewing,Wednesday,8,0.7,30.48,914.0,6840,30,0,0,1,57.0,0.700505
1191,2015-03-11,Quarter2,Sewing,Wednesday,6,0.7,23.41,1128.0,4560,40,0,0,1,38.0,0.700247
1192,2015-03-11,Quarter2,Sewing,Wednesday,7,0.65,30.48,935.0,6840,26,0,0,1,57.0,0.650596
1193,2015-03-11,Quarter2,Finishing,Wednesday,10,0.75,2.9,,960,0,0,0,0,8.0,0.628333
1194,2015-03-11,Quarter2,Finishing,Wednesday,8,0.7,3.9,,960,0,0,0,0,8.0,0.625625
1195,2015-03-11,Quarter2,Finishing,Wednesday,7,0.65,3.9,,960,0,0,0,0,8.0,0.625625
1196,2015-03-11,Quarter2,Finishing,Wednesday,9,0.75,2.9,,1800,0,0,0,0,15.0,0.505889
1197,2015-03-11,Quarter2,Finishing,Wednesday,6,0.7,2.9,,720,0,0,0,0,6.0,0.394722
